"year","month","day","question_count"
2010,8,16,85
2019,10,4,656
2013,9,21,215
2008,10,20,11
2008,10,27,16
2016,5,26,462
2008,11,21,18
2008,12,4,15
2008,12,19,10
2009,1,3,15
2019,5,11,416
2019,5,21,690
2010,9,26,37
2016,10,18,515
2010,10,15,104
2019,10,22,760
2008,10,2,18
2008,11,11,14
2008,12,9,22
2009,1,8,16
2009,3,7,16
2009,3,20,32
2009,4,18,17
2019,6,2,394
2019,6,4,726
2009,7,20,48
2019,6,17,709
2009,9,19,30
2013,11,12,395
2019,7,12,679
2009,11,23,74
2013,11,17,230
2016,7,30,258
2009,12,11,61
2013,11,24,248
2009,12,31,41
2010,2,6,52
2013,12,5,392
2014,8,24,191
2019,11,5,801
2017,6,7,614
2014,9,27,161
2014,9,30,326
2014,10,23,360
2020,5,23,783
2020,5,3,813
2017,7,18,712
2020,7,22,972
2009,2,14,12
2009,4,21,34
2012,4,29,113
2011,12,8,141
2018,2,22,667
2015,3,10,435
2020,8,25,900
2015,3,13,398
2015,4,9,429
2020,11,20,776
2015,4,19,272
2018,1,8,538
2015,6,5,451
2020,12,6,653
2018,1,28,401
2021,3,24,864
2021,3,26,717
2021,3,29,791
2008,9,12,7
2015,8,29,234
2013,3,26,277
2013,3,28,283
2009,1,25,16
2012,1,23,139
2009,5,6,31
2009,5,19,48
2018,3,7,727
2015,7,3,339
2013,2,23,161
2013,3,1,288
2018,3,10,412
2013,7,14,164
2021,5,30,512
2018,10,12,609
2021,8,15,445
2016,2,17,554
2014,6,11,344
2011,10,22,80
2017,6,29,623
2012,5,23,191
2016,7,8,427
2015,5,24,241
2016,2,24,557
2018,12,1,382
2019,2,6,674
2021,8,20,663
2016,1,19,484
2021,9,8,688
2018,12,11,676
2018,12,16,384
2010,5,21,79
2019,9,26,734
2016,9,29,491
2014,5,2,316
2013,3,16,179
2014,5,20,372
2011,6,4,60
2014,6,21,166
2020,3,19,762
2017,3,18,390
2014,7,19,183
2014,8,4,341
2020,5,13,1124
2011,12,6,155
2011,9,28,145
2017,4,8,365
2014,8,17,179
2016,12,2,481
2011,1,13,97
2011,2,6,82
2011,2,11,123
2011,3,4,112
2019,11,25,768
2014,4,17,390
2020,1,2,623
2020,1,27,718
2011,5,30,107
2011,6,1,160
2020,2,11,757
2009,4,28,32
2016,7,5,454
2009,10,17,29
2009,11,3,47
2010,1,15,54
2010,4,13,72
2016,8,31,478
2013,12,27,238
2016,9,7,511
2019,9,11,663
2021,5,8,565
2009,6,14,23
2014,10,13,323
2009,7,27,54
2019,6,24,683
2009,9,9,46
2012,3,4,111
2009,10,12,46
2013,4,22,302
2015,7,13,475
2009,11,13,53
2016,7,25,515
2009,12,1,65
2017,8,21,522
2012,5,25,179
2015,1,6,317
2009,9,4,42
2009,10,24,30
2012,6,28,217
2020,10,7,872
2017,5,22,552
2010,1,25,71
2010,2,19,73
2010,1,10,44
2021,4,22,917
2013,5,10,264
2012,5,8,178
2013,5,15,299
2019,9,1,329
2011,6,26,93
2011,8,8,126
2011,10,7,130
2017,4,25,658
2011,11,10,154
2017,4,30,359
2011,11,15,142
2017,4,28,516
2014,9,5,281
2010,3,17,77
2010,7,12,96
2010,8,3,93
2010,9,11,65
2019,10,9,771
2014,2,8,233
2014,2,10,390
2019,8,3,378
2010,3,12,73
2010,3,14,45
2010,12,28,66
2010,12,30,55
2020,10,29,889
2012,8,10,234
2014,10,3,291
2010,6,4,66
2010,7,17,61
2016,5,19,535
2008,9,2,9
2008,9,24,31
2019,5,3,608
2009,1,18,19
2009,1,28,26
2009,3,29,13
2014,2,13,406
2019,10,24,796
2016,11,3,508
2016,11,16,581
2008,8,21,7
2008,9,7,6
2008,10,10,23
2009,1,30,21
2009,4,3,34
2013,10,11,299
2009,5,28,48
2016,7,3,259
2009,8,3,41
2013,10,28,329
2009,11,8,37
2009,11,21,28
2010,1,18,70
2014,9,25,336
2012,2,3,143
2020,5,25,952
2012,3,19,175
2008,9,17,35
2008,9,22,41
2014,10,28,365
2008,10,5,14
2008,12,26,10
2009,2,4,29
2009,2,26,28
2011,12,11,88
2013,1,7,188
2017,11,25,351
2013,1,17,228
2018,1,16,640
2020,12,3,872
2013,1,20,144
2021,3,22,817
2015,6,23,494
2013,2,10,163
2018,2,24,382
2008,10,15,22
2008,11,6,21
2008,12,1,15
2008,12,14,13
2017,5,26,561
2012,1,20,147
2018,3,15,628
2017,5,29,484
2009,3,12,36
2013,7,19,359
2012,1,27,141
2021,4,7,915
2013,3,6,277
2013,6,28,299
2013,6,30,174
2013,7,4,253
2015,8,17,412
2018,5,14,572
2018,5,16,695
2015,8,22,235
2021,6,1,744
2015,8,24,409
2018,8,8,730
2018,8,13,629
2021,8,10,699
2009,4,25,22
2019,11,18,784
2011,5,23,118
2011,7,7,141
2014,7,26,206
2017,7,30,362
2019,12,21,391
2011,12,28,142
2018,11,28,681
2016,4,28,501
2018,10,17,706
2019,2,19,671
2016,2,29,489
2018,12,6,649
2016,3,3,560
2018,12,19,655
2019,11,13,821
2021,6,21,730
2017,9,12,595
2017,11,3,629
2021,3,9,848
2013,2,5,281
2014,5,7,380
2011,5,13,129
2017,1,26,544
2013,3,19,258
2011,6,9,131
2020,3,1,548
2011,7,22,142
2017,3,5,420
2011,7,24,67
2017,3,15,649
2020,4,2,985
2011,8,18,162
2014,7,6,184
2017,3,30,637
2011,9,13,149
2011,10,9,78
2017,4,13,544
2011,10,12,140
2014,8,14,322
2017,4,23,430
2017,3,25,413
2011,10,29,87
2014,3,8,263
2011,1,8,58
2011,2,3,127
2014,3,21,384
2016,12,17,290
2011,3,7,133
2019,11,23,568
2011,4,5,132
2020,1,5,441
2017,1,21,320
2011,5,8,79
2014,5,17,198
2009,5,11,34
2009,6,4,31
2009,6,19,48
2010,1,13,86
2010,2,1,68
2019,8,21,673
2010,6,14,78
2010,7,27,93
2014,1,17,339
2014,1,24,351
2016,10,8,330
2017,6,2,555
2017,6,22,653
2013,4,14,192
2013,10,31,353
2021,4,17,564
2014,10,18,217
2013,4,26,267
2020,9,11,697
2020,10,4,608
2009,12,16,73
2014,9,10,344
2010,1,23,52
2010,2,14,55
2013,4,29,278
2014,11,26,327
2020,8,3,816
2010,2,26,66
2010,3,22,69
2010,4,10,43
2015,7,16,452
2010,4,30,67
2016,9,4,256
2010,5,18,77
2013,5,20,272
2021,4,24,562
2011,7,17,77
2020,3,14,463
2014,7,1,374
2011,9,8,129
2020,4,27,1028
2011,11,2,156
2011,11,7,111
2017,5,14,320
2011,11,20,100
2011,11,27,97
2019,10,17,817
2019,8,16,596
2014,2,23,280
2010,3,9,72
2010,11,20,59
2010,12,3,92
2010,12,25,56
2010,4,5,56
2010,4,25,32
2013,12,23,265
2010,5,13,64
2012,2,25,125
2019,9,9,590
2014,10,30,391
2010,7,20,105
2020,5,30,675
2014,11,4,406
2010,8,28,43
2020,6,4,1051
2010,6,29,92
2013,5,27,247
2010,7,2,83
2008,8,30,11
2016,5,22,301
2008,10,29,12
2008,11,22,18
2013,9,19,290
2019,5,13,654
2009,3,5,19
2009,3,30,30
2008,8,5,6
2016,10,10,461
2010,9,9,98
2010,10,17,57
2014,2,20,447
2019,11,2,410
2019,11,3,452
2014,2,27,435
2008,9,4,14
2008,9,6,7
2008,10,21,23
2019,5,23,728
2013,10,8,338
2009,5,12,46
2009,5,14,42
2016,6,28,535
2016,6,30,510
2019,6,16,365
2009,8,19,65
2009,9,1,31
2009,10,20,59
2013,11,9,219
2019,7,22,707
2010,1,2,40
2010,1,3,55
2010,1,20,94
2016,8,12,445
2014,9,8,310
2012,2,6,156
2017,7,1,311
2012,3,16,155
2008,11,3,21
2019,5,4,391
2008,12,11,16
2008,12,28,9
2009,4,6,25
2009,5,29,35
2020,8,19,865
2012,12,27,180
2017,8,9,646
2015,4,8,434
2018,1,18,621
2018,1,19,570
2015,6,24,517
2018,2,26,652
2013,2,12,239
2011,12,14,120
2013,3,22,254
2008,9,23,37
2017,5,10,617
2009,1,14,31
2009,2,7,17
2017,5,28,349
2009,3,15,21
2013,7,20,171
2009,4,23,28
2009,6,2,44
2015,7,5,230
2013,3,3,167
2018,3,9,649
2013,7,2,325
2018,5,18,588
2019,7,3,736
2010,6,10,90
2017,1,30,515
2014,5,26,290
2014,12,5,369
2020,10,27,834
2020,11,17,889
2013,1,4,224
2010,4,12,50
2018,12,3,693
2018,10,13,360
2016,1,17,322
2019,2,16,442
2016,4,29,488
2016,3,6,319
2019,3,31,420
2019,6,14,629
2010,6,11,80
2017,4,20,598
2020,1,29,782
2014,5,8,427
2011,5,17,127
2014,6,20,337
2011,8,16,141
2014,7,7,361
2017,3,29,658
2020,5,1,896
2011,10,15,90
2014,8,15,298
2014,3,10,413
2011,1,10,104
2011,1,11,98
2019,11,27,785
2014,4,19,264
2011,4,9,84
2011,5,7,81
2013,10,26,190
2009,9,12,21
2019,9,4,596
2013,7,27,157
2009,6,3,36
2009,6,27,21
2020,5,21,968
2009,7,11,20
2013,4,11,259
2009,7,28,34
2014,10,14,344
2014,10,16,331
2009,9,21,48
2009,10,9,53
2009,10,27,63
2009,11,10,72
2009,11,11,56
2020,10,9,740
2012,8,3,205
2010,1,22,52
2015,2,17,375
2013,4,28,197
2009,12,18,57
2009,12,19,34
2010,1,27,98
2015,7,15,490
2010,2,28,56
2013,5,13,281
2016,8,29,442
2010,4,29,71
2013,12,24,203
2013,12,25,140
2010,5,20,84
2020,3,11,827
2017,3,12,415
2020,3,28,680
2020,4,13,930
2014,7,17,411
2011,10,5,138
2019,8,30,596
2011,11,4,134
2011,11,13,106
2020,5,12,1106
2011,11,23,152
2017,4,27,633
2014,9,6,186
2019,8,5,705
2013,12,7,236
2016,8,21,253
2010,4,1,57
2019,8,15,563
2010,4,21,62
2010,5,9,40
2010,5,27,90
2019,9,13,578
2016,9,20,487
2010,8,1,50
2014,1,26,232
2016,10,11,511
2014,2,2,241
2010,10,25,90
2019,10,26,393
2016,11,18,555
2016,11,19,358
2016,12,1,569
2011,1,28,114
2012,1,18,178
2010,3,19,43
2013,12,17,376
2017,6,18,357
2016,9,9,430
2017,6,19,617
2014,1,1,149
2010,6,28,82
2010,7,18,58
2010,7,19,94
2016,9,27,484
2014,1,21,403
2020,6,2,1013
2010,8,26,99
2019,10,1,701
2020,6,3,1060
2014,11,7,350
2014,2,3,330
2012,5,15,197
2021,4,26,848
2013,6,1,178
2015,1,16,358
2012,6,13,219
2008,10,28,22
2013,9,20,299
2009,1,5,16
2009,1,15,24
2013,9,27,271
2016,6,12,255
2008,8,14,1
2008,10,30,19
2008,11,23,14
2008,12,21,10
2016,6,21,513
2013,10,17,340
2009,7,21,44
2013,10,24,400
2019,7,4,629
2016,7,20,503
2016,7,27,502
2019,7,13,347
2009,12,9,72
2019,7,23,825
2014,9,7,199
2012,2,7,165
2017,6,9,551
2012,3,15,187
2008,11,4,14
2012,4,4,193
2008,11,13,18
2008,12,12,20
2008,12,29,13
2012,4,6,155
2009,5,30,23
2019,6,5,654
2010,2,21,40
2017,10,16,615
2017,11,7,653
2015,4,17,422
2016,10,21,477
2015,4,24,447
2018,1,9,547
2018,1,20,412
2016,12,11,312
2018,1,27,378
2021,3,27,552
2008,8,29,9
2013,3,23,170
2011,12,15,127
2013,4,1,246
2009,2,6,30
2014,9,17,377
2009,3,14,15
2019,5,31,609
2013,2,28,308
2013,3,4,257
2013,3,13,290
2018,5,9,616
2015,11,12,451
2021,8,7,456
2009,9,11,53
2019,9,3,585
2014,1,10,389
2011,6,16,151
2020,4,22,1003
2011,9,23,131
2017,4,19,649
2017,8,19,341
2009,8,27,43
2017,1,12,577
2018,12,4,752
2021,4,10,546
2021,8,17,756
2018,11,30,636
2021,8,24,715
2021,8,25,772
2021,9,5,441
2018,12,13,684
2009,7,29,60
2016,8,11,478
2011,4,18,114
2018,10,31,705
2013,11,19,371
2020,1,30,839
2020,2,13,791
2017,2,20,586
2014,6,18,379
2014,6,19,336
2011,8,15,129
2020,4,3,854
2014,7,8,362
2011,10,14,133
2017,5,1,463
2011,12,5,172
2014,8,16,160
2011,2,9,109
2014,4,2,423
2011,3,10,128
2011,3,11,110
2014,4,20,234
2011,5,6,119
2020,1,28,758
2017,2,2,605
2017,2,3,551
2020,2,23,490
2016,6,29,531
2016,7,2,273
2019,6,15,345
2009,10,18,30
2009,10,19,42
2010,3,2,77
2010,3,27,37
2019,8,14,684
2014,1,11,203
2016,9,19,500
2010,7,9,107
2016,10,1,269
2015,8,31,416
2014,9,24,344
2017,6,20,673
2009,7,12,22
2013,10,25,314
2013,4,12,289
2014,10,15,362
2015,9,5,191
2009,9,28,32
2018,3,18,401
2013,4,21,183
2017,6,27,654
2018,3,19,627
2009,11,1,22
2013,11,18,363
2009,8,20,57
2020,9,10,829
2009,11,26,59
2017,5,21,335
2012,8,4,90
2012,1,16,148
2010,2,12,70
2017,7,10,615
2015,7,14,473
2013,5,2,300
2013,5,3,244
2020,8,2,583
2013,12,8,273
2010,3,20,47
2010,4,11,46
2010,4,28,69
2020,8,27,886
2010,5,19,74
2013,5,22,285
2019,9,2,505
2017,2,27,630
2020,3,12,768
2020,3,29,681
2011,9,4,76
2017,3,11,394
2011,9,6,93
2017,3,28,669
2020,5,10,779
2011,11,3,151
2020,5,11,988
2011,11,22,148
2011,12,30,114
2010,6,1,76
2010,6,21,83
2019,9,22,423
2010,8,25,96
2010,10,26,101
2010,11,16,98
2010,12,31,47
2011,1,1,52
2014,10,5,204
2016,8,28,272
2010,6,26,39
2020,5,28,1158
2010,8,10,91
2014,11,6,390
2014,1,28,409
2016,10,12,573
2019,10,10,772
2021,4,25,636
2012,5,16,195
2017,9,1,510
2015,1,18,234
2013,6,10,265
2013,6,11,328
2020,9,25,743
2019,10,11,660
2010,9,18,39
2015,2,8,252
2013,8,1,307
2020,10,19,839
2017,9,26,631
2020,7,26,614
2010,10,8,87
2010,8,11,90
2015,1,19,372
2010,9,19,50
2010,10,12,91
2020,7,29,889
2014,2,18,398
2014,12,12,359
2012,6,3,128
2013,8,12,278
2017,9,29,529
2010,11,27,65
2013,1,2,162
2021,5,13,795
2017,10,20,588
2014,4,22,419
2013,8,29,321
2015,9,10,490
2021,6,6,566
2013,9,3,289
2012,12,13,253
2012,9,1,128
2012,9,16,127
2012,9,21,167
2012,10,9,214
2012,10,31,211
2012,11,7,219
2012,11,17,135
2012,11,24,140
2012,12,18,243
2012,12,23,117
2016,12,7,576
2011,2,16,126
2016,12,24,273
2018,1,3,547
2011,3,17,118
2014,4,9,435
2020,1,10,701
2017,1,1,213
2011,3,24,149
2020,2,6,786
2014,6,13,319
2017,3,10,556
2020,3,26,874
2011,8,5,130
2011,8,30,109
2015,12,20,263
2018,9,29,353
2016,2,12,485
2019,12,8,464
2011,4,15,126
2020,1,15,760
2015,9,15,424
2021,5,18,823
2018,6,17,371
2018,6,22,542
2018,6,24,337
2015,11,14,314
2015,11,26,431
2015,12,2,482
2018,9,9,382
2015,12,7,502
2018,9,14,581
2017,1,16,475
2017,12,19,623
2017,2,9,610
2014,5,24,186
2011,6,14,141
2017,2,22,622
2020,12,16,865
2013,1,22,246
2015,6,8,393
2018,2,7,653
2013,1,24,283
2013,2,15,246
2020,4,20,965
2014,8,9,201
2015,7,21,497
2017,4,18,631
2020,5,5,1036
2013,6,25,292
2014,8,29,281
2021,5,23,538
2015,8,7,369
2018,4,23,618
2015,10,6,464
2018,7,5,671
2015,10,8,493
2018,7,15,384
2018,7,18,728
2020,6,19,936
2018,7,30,621
2015,11,1,265
2020,7,12,626
2018,10,2,588
2017,7,25,701
2015,12,27,200
2016,1,4,389
2017,7,28,583
2021,7,9,655
2018,10,7,398
2021,7,14,815
2014,12,29,253
2020,9,28,808
2018,11,18,430
2017,10,27,586
2021,1,18,752
2013,1,27,181
2021,1,23,599
2015,6,13,216
2021,2,8,823
2021,2,21,616
2018,2,17,400
2016,3,25,377
2019,1,10,616
2021,9,18,424
2016,5,4,494
2018,10,20,395
2016,5,6,410
2021,9,30,763
2018,10,22,650
2021,10,4,649
2019,3,4,708
2018,10,24,688
2016,1,26,470
2021,10,26,814
2018,10,27,388
2019,1,25,602
2016,4,11,517
2010,6,12,37
2008,8,16,1
2016,10,16,369
2013,9,14,205
2008,10,18,16
2008,12,16,20
2019,5,9,740
2019,5,10,673
2009,2,21,12
2016,6,8,495
2016,6,9,503
2013,10,3,299
2013,10,5,179
2014,2,6,387
2019,10,15,795
2008,9,25,29
2009,5,25,24
2019,6,10,586
2009,7,8,40
2019,6,19,784
2013,10,30,374
2009,10,5,59
2009,10,6,53
2009,10,23,53
2009,11,6,71
2009,12,29,50
2019,7,26,668
2019,8,1,770
2008,9,9,11
2008,9,27,10
2009,1,10,11
2009,1,11,17
2017,7,31,629
2014,12,9,365
2009,5,17,29
2009,5,18,27
2014,8,21,370
2020,11,12,851
2013,7,15,334
2017,11,10,593
2017,11,11,389
2017,11,20,620
2013,1,9,265
2020,11,29,652
2015,6,1,395
2018,1,14,389
2017,5,6,334
2008,10,7,20
2020,5,15,1022
2008,10,25,10
2011,12,18,90
2011,12,19,116
2012,1,21,126
2012,1,22,105
2009,3,1,19
2015,7,26,223
2009,3,26,33
2015,7,27,464
2012,1,29,103
2014,9,22,328
2013,2,24,172
2013,2,25,282
2012,3,22,192
2020,6,1,896
2014,11,9,228
2010,6,9,91
2014,12,22,289
2013,5,25,160
2020,8,30,572
2010,7,24,62
2014,1,22,393
2017,9,2,323
2010,8,13,83
2010,9,1,96
2012,6,16,125
2013,8,2,265
2016,11,6,393
2012,5,3,188
2010,11,23,82
2014,2,25,423
2017,8,6,354
2010,11,25,76
2016,11,8,527
2012,6,1,195
2017,8,28,516
2020,9,16,773
2015,2,2,364
2017,9,20,641
2012,7,7,115
2012,8,15,236
2017,9,27,654
2019,11,8,724
2010,12,18,57
2016,11,28,503
2020,11,15,610
2011,2,21,124
2019,11,30,468
2017,10,10,608
2012,9,6,205
2015,2,20,379
2016,11,21,518
2015,2,27,395
2011,3,2,132
2014,4,12,253
2014,4,14,339
2011,5,5,115
2017,1,31,590
2014,5,27,340
2020,2,21,761
2011,7,9,80
2020,3,9,744
2017,2,26,418
2017,3,23,649
2015,12,15,504
2018,9,24,596
2016,2,2,497
2018,11,3,430
2018,11,13,715
2019,12,3,823
2019,12,16,700
2019,12,18,714
2017,12,4,630
2015,5,4,427
2018,4,15,434
2018,6,14,662
2018,6,19,677
2018,8,21,644
2018,9,4,602
2015,12,10,467
2018,9,17,587
2020,1,20,720
2015,5,17,292
2020,3,4,854
2020,3,6,785
2020,12,21,748
2020,12,28,712
2011,7,29,143
2021,1,5,791
2011,8,23,152
2020,4,5,727
2011,8,25,133
2015,6,30,482
2011,9,16,107
2013,6,18,294
2018,4,18,683
2021,5,25,845
2018,4,20,663
2015,8,9,237
2021,5,28,725
2018,5,6,392
2018,7,10,666
2018,7,13,649
2012,3,26,173
2015,10,16,430
2021,6,16,860
2020,6,26,902
2015,10,28,467
2012,3,31,126
2020,7,4,601
2014,11,29,219
2021,7,1,720
2020,8,8,499
2016,1,9,248
2014,12,24,237
2020,9,3,818
2021,7,26,760
2021,7,31,451
2012,7,22,114
2013,1,29,290
2021,1,30,601
2021,2,3,929
2021,2,13,554
2021,2,23,859
2018,12,26,439
2016,3,30,504
2019,1,18,578
2016,4,3,327
2016,5,1,362
2021,9,25,472
2021,10,14,767
2021,10,19,736
2019,3,12,714
2019,4,13,460
2008,8,6,3
2009,3,22,11
2012,10,14,150
2008,12,6,12
2019,4,27,458
2008,9,19,21
2016,5,24,518
2008,10,17,21
2008,11,19,20
2008,12,17,23
2019,5,19,436
2009,3,18,24
2010,9,23,83
2014,2,7,365
2019,10,16,812
2010,10,22,107
2019,10,31,746
2010,12,1,105
2016,11,14,525
2008,9,20,19
2019,5,27,594
2019,6,11,692
2009,9,17,40
2019,6,27,686
2016,7,15,458
2009,10,4,35
2016,7,16,238
2009,11,5,61
2019,7,9,785
2013,11,13,404
2016,7,31,249
2009,12,30,50
2016,8,8,461
2013,12,4,369
2010,2,7,48
2010,3,6,49
2012,2,11,109
2008,9,10,12
2020,7,23,1021
2012,4,26,172
2009,3,25,31
2020,8,15,585
2020,8,16,618
2009,4,20,33
2013,10,13,214
2012,5,1,163
2011,12,10,107
2014,10,11,229
2015,3,12,434
2015,4,11,264
2015,4,12,267
2015,4,13,348
2017,11,19,410
2017,11,21,645
2017,11,27,640
2018,1,15,555
2013,3,25,280
2018,3,14,697
2015,7,9,483
2014,8,27,353
2009,1,1,18
2009,1,26,12
2009,2,28,23
2009,4,10,15
2013,3,8,264
2013,7,6,142
2013,7,7,147
2021,5,31,693
2015,11,8,256
2021,7,22,774
2009,12,4,55
2021,5,9,571
2017,9,25,594
2019,10,21,734
2016,10,28,436
2012,5,5,138
2014,12,15,315
2012,6,4,190
2020,10,20,796
2018,4,7,365
2012,7,14,113
2013,8,10,158
2015,3,15,264
2017,10,18,654
2015,7,30,473
2016,12,26,304
2013,8,25,176
2018,6,6,701
2015,9,14,396
2012,8,22,230
2012,9,5,205
2012,9,30,126
2012,11,1,209
2012,11,26,197
2012,12,2,153
2010,12,6,95
2012,12,20,209
2015,2,24,455
2015,2,25,474
2014,3,25,426
2017,11,6,622
2011,2,18,115
2011,2,19,69
2020,1,12,459
2011,3,1,152
2019,11,20,900
2011,3,26,77
2011,5,24,122
2020,2,22,461
2014,6,27,335
2020,4,23,1029
2014,7,24,380
2016,2,5,449
2018,11,14,689
2021,5,20,804
2018,4,17,698
2019,12,10,757
2019,12,11,793
2020,11,24,865
2015,9,29,420
2018,8,31,579
2021,6,24,797
2015,11,28,276
2018,9,5,642
2021,6,25,665
2015,12,4,452
2018,9,15,323
2015,12,13,297
2020,11,25,830
2020,1,21,805
2013,1,13,144
2020,2,3,736
2017,12,16,339
2015,5,14,398
2015,5,16,258
2018,2,1,635
2014,6,9,348
2015,6,7,220
2011,7,6,139
2020,12,18,745
2020,12,19,512
2013,1,23,236
2021,1,2,562
2021,1,3,580
2020,4,4,758
2017,3,21,606
2021,4,1,784
2017,4,2,366
2014,7,25,357
2013,2,21,303
2017,5,11,631
2013,6,26,343
2015,8,6,466
2018,4,24,676
2021,5,27,808
2018,7,16,636
2020,6,20,713
2020,6,22,1007
2020,6,27,689
2021,6,17,841
2015,10,31,288
2020,7,10,933
2020,7,11,592
2015,12,23,372
2017,7,26,689
2018,10,4,618
2016,1,7,494
2014,12,30,269
2020,9,26,539
2016,2,15,492
2017,9,10,362
2012,6,23,107
2021,1,22,881
2021,2,10,844
2021,2,11,899
2018,12,22,351
2019,1,6,366
2016,5,2,463
2021,9,16,742
2016,5,3,505
2018,10,23,687
2021,10,7,724
2016,1,24,335
2021,10,17,525
2021,10,24,491
2016,4,14,537
2019,4,15,771
2009,6,20,22
2021,8,8,451
2008,10,12,8
2016,6,10,449
2019,4,30,755
2013,9,13,318
2019,5,6,663
2013,9,18,321
2019,5,8,776
2016,5,31,468
2013,9,23,265
2009,1,16,21
2016,6,5,275
2013,10,1,315
2019,10,14,659
2016,10,25,537
2010,11,15,94
2009,1,21,32
2009,2,22,18
2009,2,24,22
2013,10,6,224
2009,5,1,28
2009,5,26,41
2009,6,9,43
2009,6,22,35
2009,7,5,18
2019,6,12,729
2009,8,18,51
2013,11,2,211
2016,7,13,539
2009,10,2,41
2009,10,22,53
2016,7,18,489
2016,7,23,249
2009,11,25,56
2013,11,20,366
2016,8,1,481
2019,7,27,360
2016,8,14,257
2010,3,4,70
2013,12,10,375
2012,2,8,160
2012,2,13,156
2012,3,14,199
2020,7,17,899
2020,8,13,870
2014,11,22,229
2016,6,15,551
2009,5,16,24
2020,8,18,880
2021,4,12,786
2017,10,15,417
2015,3,5,447
2017,11,8,643
2017,11,13,639
2017,11,23,592
2015,4,26,277
2015,5,29,384
2019,10,29,703
2015,6,3,470
2018,1,13,350
2015,6,25,474
2008,8,28,8
2011,12,16,119
2013,3,31,171
2009,2,17,29
2009,4,8,33
2013,7,22,285
2009,5,21,45
2012,1,30,149
2021,3,4,857
2021,5,3,839
2013,7,9,303
2015,11,11,445
2018,11,21,714
2013,10,21,339
2009,7,15,45
2019,7,20,412
2016,9,22,533
2019,10,28,715
2020,8,20,805
2014,12,14,250
2012,7,5,225
2012,8,13,212
2018,4,8,414
2012,7,15,115
2016,11,9,499
2015,3,16,405
2013,8,26,267
2018,6,7,646
2013,9,2,267
2012,8,23,228
2012,9,14,199
2012,9,29,99
2012,10,2,210
2012,10,3,212
2012,10,22,219
2012,11,10,139
2012,11,11,157
2014,3,1,261
2020,11,8,557
2011,1,21,104
2016,12,10,311
2015,4,7,397
2014,3,26,453
2021,3,20,546
2019,12,26,463
2015,12,22,398
2018,11,5,681
2019,12,1,517
2014,4,27,283
2017,1,14,282
2015,5,5,442
2021,5,19,835
2021,6,8,763
2018,8,23,657
2015,11,21,286
2014,5,10,246
2015,11,29,287
2015,12,3,533
2021,6,26,457
2018,9,16,401
2020,2,4,795
2015,5,15,399
2017,1,29,373
2020,12,9,876
2014,5,25,199
2015,6,6,267
2020,3,21,586
2011,7,31,68
2011,10,16,86
2017,5,12,556
2015,9,30,409
2015,10,4,280
2015,10,13,459
2017,7,11,680
2015,10,23,451
2020,7,1,955
2018,8,6,683
2016,1,6,424
2012,4,23,184
2021,7,16,718
2017,8,18,550
2018,11,15,711
2016,2,14,329
2012,6,22,210
2012,7,30,203
2021,1,13,863
2018,2,10,448
2018,2,11,454
2021,2,1,808
2013,1,31,281
2021,2,26,789
2021,3,2,901
2018,12,23,337
2019,1,7,515
2016,3,31,512
2019,1,17,632
2016,4,30,316
2021,9,15,772
2021,10,6,756
2019,3,6,748
2016,5,13,483
2016,4,5,489
2019,1,24,708
2019,4,16,815
2009,8,2,18
2019,8,27,641
2013,9,9,267
2019,5,7,717
2013,9,24,357
2009,3,3,29
2019,5,20,644
2009,3,16,26
2019,5,24,665
2016,6,14,514
2008,8,2,4
2016,11,2,519
2010,11,14,59
2016,11,12,288
2014,2,26,422
2016,11,29,539
2008,10,11,5
2008,12,23,13
2009,1,7,24
2009,2,23,40
2009,3,6,27
2009,3,21,9
2009,4,2,28
2009,4,17,40
2013,10,10,329
2009,6,8,27
2016,7,9,240
2019,6,23,366
2019,6,30,342
2013,11,6,372
2019,7,1,613
2016,7,24,264
2009,12,12,37
2010,1,1,28
2010,1,19,82
2019,8,2,672
2020,5,17,830
2020,5,19,1094
2020,5,22,975
2012,3,13,179
2012,3,18,126
2008,9,11,5
2017,7,17,664
2020,8,14,759
2014,12,8,357
2020,9,7,642
2013,10,7,322
2009,4,22,39
2009,5,15,39
2009,6,13,24
2015,3,9,388
2015,4,10,417
2017,11,9,673
2020,11,19,919
2015,4,20,453
2020,11,21,552
2017,11,24,499
2018,1,7,323
2015,5,30,243
2020,12,2,829
2018,1,24,610
2013,2,11,246
2021,3,25,855
2015,6,26,437
2008,8,27,4
2008,9,28,8
2011,12,17,82
2009,1,24,19
2013,7,18,297
2012,1,26,161
2013,3,5,283
2015,7,22,488
2018,4,1,369
2021,5,4,864
2013,7,8,319
2016,7,14,484
2014,1,3,310
2010,11,9,110
2020,3,23,737
2020,7,13,933
2012,6,24,115
2012,8,1,238
2013,7,13,181
2015,8,25,415
2015,8,28,373
2014,4,25,388
2015,5,23,224
2016,2,21,312
2016,4,17,303
2021,8,31,698
2018,10,16,677
2019,2,15,611
2019,2,18,663
2018,12,15,374
2019,4,9,759
2013,12,19,302
2016,8,30,456
2013,12,26,195
2018,3,30,494
2021,5,5,841
2018,5,12,428
2013,11,5,351
2017,4,5,621
2012,3,11,113
2018,5,22,656
2015,8,27,454
2013,11,23,221
2016,8,24,484
2017,1,8,327
2020,7,14,966
2015,4,3,342
2016,2,20,341
2016,2,26,506
2016,4,18,500
2016,4,19,532
2019,2,11,706
2021,8,22,475
2019,2,13,782
2016,4,25,520
2016,3,2,594
2018,12,8,375
2018,12,18,644
2016,8,7,246
2016,9,6,443
2016,2,1,460
2015,6,21,280
2013,2,7,289
2011,5,12,115
2017,2,17,584
2014,6,4,382
2011,6,29,138
2014,6,5,376
2020,3,16,687
2014,7,4,236
2014,7,21,345
2020,4,17,1015
2011,10,26,122
2011,3,5,89
2020,1,7,672
2020,1,25,432
2011,6,2,109
2011,6,22,138
2009,4,27,31
2010,5,5,79
2010,5,23,57
2014,1,5,209
2010,6,16,100
2010,7,29,81
2014,1,31,326
2009,6,15,40
2013,4,6,165
2012,2,27,151
2021,4,15,892
2018,5,29,661
2016,7,7,540
2021,6,4,760
2013,4,16,288
2009,9,24,45
2009,10,30,44
2014,10,19,206
2009,11,16,58
2009,9,7,36
2015,1,28,440
2017,9,13,591
2020,10,5,807
2017,9,14,626
2020,10,6,821
2019,7,19,717
2010,1,6,73
2012,1,12,166
2013,11,30,243
2020,6,8,968
2014,11,12,408
2009,12,22,55
2010,4,7,58
2013,12,12,346
2018,3,23,635
2013,5,16,323
2013,5,17,255
2016,9,5,374
2019,8,26,628
2010,6,6,57
2014,6,30,323
2011,8,11,181
2011,10,1,82
2014,8,1,347
2011,11,17,130
2014,8,20,333
2014,9,2,295
2017,5,16,575
2012,1,2,92
2014,9,3,349
2012,1,3,133
2013,12,21,189
2013,12,29,184
2010,5,30,41
2014,1,7,352
2010,7,31,72
2010,9,13,93
2010,9,28,90
2014,2,15,210
2010,2,8,58
2014,3,6,461
2016,12,15,513
2010,4,24,40
2020,5,31,731
2010,8,31,93
2017,8,13,295
2012,6,9,118
2012,6,10,104
2019,9,17,642
2010,7,22,86
2019,9,25,740
2010,8,15,58
2016,10,6,510
2017,9,4,509
2012,7,10,206
2013,8,4,187
2010,10,13,100
2010,10,4,90
2015,1,13,358
2015,2,4,444
2010,10,14,101
2020,10,23,744
2013,8,14,323
2010,12,20,93
2015,3,20,376
2018,6,2,398
2018,4,12,661
2015,8,2,264
2020,10,30,763
2012,9,8,109
2012,9,26,222
2012,10,17,235
2012,11,15,252
2010,12,10,106
2010,12,11,62
2011,2,14,110
2011,3,30,149
2011,3,31,145
2019,12,23,578
2020,1,24,693
2011,7,11,154
2011,8,28,68
2017,3,24,563
2018,9,21,602
2015,12,17,408
2019,12,4,801
2017,11,28,662
2020,11,23,821
2019,12,14,434
2018,6,11,628
2015,9,18,393
2015,9,24,456
2015,9,25,369
2015,11,16,478
2021,6,23,783
2018,9,1,329
2018,9,20,693
2011,4,23,68
2020,1,18,443
2015,5,10,292
2011,4,30,61
2011,5,1,109
2011,5,21,72
2015,5,19,467
2011,6,12,75
2011,7,2,75
2018,2,5,608
2020,12,22,784
2011,7,27,134
2014,6,23,308
2017,3,7,596
2011,7,28,138
2020,12,29,749
2020,12,31,596
2013,2,18,234
2014,7,23,411
2015,7,1,470
2018,3,5,628
2013,6,15,156
2011,10,20,124
2011,12,25,66
2012,2,2,145
2018,4,21,371
2018,4,29,384
2015,8,11,427
2018,6,27,742
2013,12,13,278
2010,7,4,52
2016,10,7,452
2020,2,19,881
2017,2,24,565
2015,4,2,358
2018,5,21,577
2015,8,26,459
2011,8,1,117
2017,11,2,619
2016,2,27,291
2021,8,28,451
2021,9,10,617
2018,12,9,426
2016,3,11,481
2019,4,2,807
2009,12,23,46
2014,8,12,410
2011,5,11,125
2017,1,24,565
2013,3,18,303
2014,6,6,319
2020,3,17,747
2011,7,26,129
2017,3,16,683
2017,4,15,321
2017,4,16,379
2020,4,24,976
2011,1,6,101
2016,12,6,559
2019,11,15,768
2014,4,6,301
2017,1,9,432
2011,4,4,127
2011,6,3,111
2017,2,16,595
2009,6,6,22
2009,6,7,25
2009,7,17,46
2009,12,5,21
2010,5,6,65
2019,10,5,386
2012,3,1,187
2013,4,15,273
2012,3,3,107
2013,11,4,308
2012,5,26,101
2009,8,6,40
2012,6,25,193
2012,6,26,233
2010,1,7,88
2019,7,24,789
2012,1,13,147
2010,1,8,65
2014,9,11,358
2012,8,7,213
2012,8,8,259
2009,12,3,61
2013,5,7,289
2013,5,8,284
2021,4,23,789
2014,8,2,184
2011,11,8,155
2011,11,18,148
2011,11,25,104
2017,5,15,615
2012,1,4,156
2019,8,9,650
2010,4,17,45
2016,9,14,459
2010,7,13,101
2010,8,4,99
2010,8,5,98
2010,8,23,76
2010,9,30,84
2010,10,3,60
2010,10,23,76
2010,3,7,55
2010,12,26,52
2017,6,14,612
2010,4,6,65
2017,6,15,617
2016,9,15,435
2019,9,16,639
2014,1,15,364
2014,11,1,176
2019,9,24,675
2010,8,30,75
2017,8,14,609
2020,8,31,814
2012,6,8,161
2010,9,3,68
2010,9,4,45
2010,10,5,93
2020,7,30,899
2010,10,29,79
2020,7,31,815
2010,10,30,59
2010,10,31,66
2010,11,3,105
2010,11,22,91
2020,9,15,863
2020,10,14,835
2020,10,15,808
2013,8,6,314
2015,2,12,415
2010,11,29,89
2020,11,14,585
2015,3,21,265
2017,10,21,382
2021,5,15,562
2015,8,1,208
2012,8,18,119
2012,8,25,109
2012,10,6,146
2012,10,7,141
2012,11,6,244
2012,12,6,244
2017,10,12,626
2014,3,14,389
2015,3,2,405
2011,2,13,87
2015,5,27,449
2014,4,7,396
2019,11,16,518
2021,3,16,891
2019,12,31,423
2011,8,3,157
2014,7,12,185
2014,7,13,208
2020,4,9,976
2011,9,1,126
2011,9,25,86
2011,9,26,140
2021,6,29,763
2015,12,18,379
2018,9,27,623
2018,11,9,633
2016,2,9,469
2018,11,11,441
2011,4,13,153
2019,12,15,426
2017,12,2,372
2015,5,2,256
2020,1,17,679
2018,6,10,390
2013,9,6,274
2018,6,20,692
2018,6,21,710
2015,9,26,257
2018,8,19,376
2015,11,18,542
2021,6,22,784
2018,8,27,605
2015,11,25,483
2018,9,2,360
2018,9,11,605
2018,9,12,640
2015,12,8,547
2017,12,11,563
2017,12,12,655
2015,5,11,370
2020,2,17,749
2018,1,31,686
2011,7,1,119
2020,12,14,801
2013,2,16,147
2021,3,31,870
2011,9,18,73
2021,4,5,699
2013,6,14,276
2014,8,11,370
2021,4,30,780
2018,4,28,333
2015,10,1,375
2018,7,2,597
2018,7,12,717
2020,6,16,1030
2015,10,18,290
2018,7,21,336
2020,6,24,938
2015,10,25,258
2015,10,26,441
2018,7,27,604
2017,7,14,616
2012,4,1,106
2020,7,5,628
2016,4,15,452
2021,4,11,583
2017,1,27,485
2011,6,27,118
2011,7,25,124
2020,4,16,995
2011,1,4,89
2011,1,9,74
2014,3,12,463
2016,12,18,298
2011,2,7,91
2011,3,3,151
2017,1,2,373
2011,4,6,136
2011,5,29,72
2009,6,18,48
2009,7,4,20
2009,8,14,37
2009,9,30,40
2019,7,21,411
2009,12,27,42
2010,3,25,58
2010,5,4,74
2016,9,23,448
2016,9,30,457
2010,8,17,111
2019,9,27,625
2014,1,30,372
2012,1,31,172
2013,10,20,219
2017,6,21,667
2018,5,27,358
2009,7,14,36
2009,8,9,26
2009,8,24,38
2009,9,10,55
2015,7,12,285
2014,10,17,292
2019,7,6,335
2013,4,23,309
2009,12,2,69
2009,7,9,39
2009,8,7,36
2009,9,5,24
2009,11,12,65
2009,11,29,40
2016,8,5,438
2017,5,23,628
2016,8,10,520
2013,12,1,202
2012,8,6,196
2014,11,13,369
2012,3,25,114
2010,1,26,75
2017,7,22,371
2010,2,27,38
2012,4,13,172
2019,8,12,688
2012,5,9,189
2012,5,14,179
2011,10,3,108
2014,8,3,206
2011,11,16,148
2012,1,1,51
2013,12,6,304
2019,8,22,641
2019,8,29,673
2010,6,23,81
2010,8,2,118
2010,8,22,51
2016,10,26,475
2019,10,25,735
2019,11,4,710
2016,11,17,611
2010,12,24,64
2012,2,17,177
2017,6,16,596
2012,2,22,181
2010,7,16,95
2010,9,15,88
2014,11,8,237
2010,7,1,99
2020,9,20,563
2010,7,3,49
2010,7,21,101
2013,5,31,272
2015,1,15,359
2020,9,24,878
2021,4,28,890
2018,4,6,615
2019,10,18,698
2012,4,8,129
2016,10,29,309
2020,8,24,841
2012,6,7,197
2014,2,19,421
2013,8,8,326
2015,7,29,499
2013,8,13,337
2015,3,14,235
2020,11,16,830
2015,9,11,387
2012,8,19,128
2015,4,5,240
2012,8,26,82
2012,9,2,129
2012,9,12,241
2020,11,1,561
2012,9,27,223
2012,10,25,260
2012,10,27,125
2017,10,9,612
2012,11,18,156
2012,11,25,132
2012,11,28,241
2012,12,4,245
2016,11,22,567
2010,12,7,107
2010,12,9,90
2020,11,6,739
2016,11,27,331
2011,1,14,104
2017,10,14,342
2016,12,25,228
2011,2,20,83
2015,6,19,428
2020,1,11,464
2016,12,28,411
2014,3,29,269
2011,2,24,113
2011,4,19,139
2011,5,26,124
2014,5,28,358
2017,2,25,414
2011,8,4,166
2015,12,16,490
2016,2,3,502
2017,6,3,314
2015,4,30,460
2017,12,5,701
2013,1,11,229
2013,9,7,205
2015,9,28,377
2018,6,25,629
2015,11,20,455
2015,11,23,442
2018,9,3,554
2017,12,10,390
2014,5,11,217
2020,11,26,770
2011,5,19,134
2017,12,23,276
2020,12,12,628
2018,2,3,369
2020,12,17,808
2020,3,20,708
2020,12,27,579
2021,1,1,445
2015,6,29,431
2018,3,6,638
2015,7,2,433
2017,4,4,629
2013,6,17,295
2011,10,21,122
2013,6,22,165
2018,4,19,656
2018,4,26,717
2018,5,2,690
2018,7,4,645
2020,6,13,664
2020,6,15,926
2020,6,18,1056
2014,11,18,420
2020,7,8,965
2018,8,4,350
2018,10,3,637
2015,12,31,269
2012,4,18,213
2020,8,9,583
2017,8,15,608
2012,6,20,225
2017,9,8,566
2018,11,17,376
2016,2,16,569
2021,1,6,842
2021,1,19,871
2013,1,28,252
2021,1,26,859
2021,2,12,767
2017,12,30,312
2016,3,17,515
2016,3,22,500
2018,6,28,647
2018,7,11,679
2021,6,14,721
2012,3,28,211
2018,7,28,363
2017,7,15,304
2020,8,7,793
2016,1,1,209
2021,7,3,453
2021,7,20,721
2012,5,20,110
2021,7,21,816
2018,10,10,749
2020,9,5,530
2021,8,2,662
2021,8,3,750
2020,9,30,801
2018,11,19,674
2015,2,13,397
2012,7,19,224
2015,2,14,237
2013,1,25,231
2015,6,12,391
2021,2,6,563
2021,2,16,803
2019,1,2,515
2019,1,3,581
2016,3,27,344
2021,9,19,474
2016,1,21,457
2019,2,28,787
2016,5,8,265
2021,10,12,745
2019,1,27,413
2019,4,20,392
2009,2,1,21
2008,8,26,7
2008,10,24,11
2008,8,8,2
2016,5,23,468
2013,9,12,325
2019,5,2,673
2013,9,17,288
2016,5,30,441
2016,6,1,450
2019,5,12,392
2009,1,29,36
2008,8,7,5
2010,10,16,62
2019,10,23,781
2014,2,14,360
2010,12,22,92
2008,8,20,4
2008,11,12,19
2019,5,17,640
2009,3,8,16
2013,10,2,327
2016,6,16,512
2013,10,12,213
2009,6,10,39
2009,7,6,37
2009,7,19,26
2019,6,13,710
2013,10,27,240
2009,8,17,44
2016,7,22,451
2009,11,9,56
2009,11,24,60
2016,8,15,437
2012,1,9,144
2012,2,4,103
2017,6,8,593
2012,2,9,188
2014,10,24,286
2020,5,24,803
2008,9,21,19
2008,10,6,16
2008,11,2,6
2020,7,16,978
2008,11,27,15
2008,12,27,10
2009,1,22,28
2009,2,25,10
2009,4,7,19
2011,12,7,154
2017,11,12,405
2017,11,17,575
2015,4,27,419
2013,1,16,257
2015,6,4,486
2018,1,22,580
2020,12,7,816
2021,3,23,871
2018,2,25,429
2018,2,28,712
2017,5,8,539
2008,11,17,23
2011,12,20,135
2009,2,18,21
2009,5,7,30
2009,5,20,39
2021,3,3,869
2018,2,18,425
2021,3,5,824
2013,2,26,285
2015,7,24,426
2021,5,29,497
2018,5,10,626
2015,8,23,194
2018,8,12,362
2018,10,11,704
2021,8,14,442
2013,12,9,353
2016,8,18,502
2018,5,20,385
2011,8,26,107
2018,11,24,398
2019,2,10,423
2016,4,24,297
2019,2,20,788
2018,12,5,691
2016,3,4,493
2016,3,9,523
2016,7,29,458
2009,2,8,18
2019,12,22,375
2017,8,20,327
2020,11,28,586
2013,3,15,252
2017,2,5,321
2020,2,12,821
2011,6,5,71
2014,5,21,354
2020,2,27,853
2011,6,30,129
2011,7,23,73
2017,3,31,515
2011,10,8,80
2011,9,29,148
2014,8,13,368
2011,10,25,146
2020,3,27,819
2017,4,22,383
2011,10,28,131
2020,5,9,820
2011,1,12,110
2011,2,2,133
2016,12,21,516
2017,1,5,545
2019,11,26,788
2011,4,11,130
2020,1,6,670
2014,5,6,298
2011,5,9,111
2011,6,23,109
2009,5,10,23
2009,8,12,43
2009,9,13,28
2009,11,4,53
2019,7,11,795
2016,7,26,504
2010,1,14,81
2016,8,25,480
2010,5,2,51
2010,6,13,56
2016,9,18,281
2014,1,18,247
2015,8,30,240
2016,6,26,241
2013,4,8,290
2015,9,1,430
2021,4,16,814
2013,4,18,310
2012,3,5,159
2009,10,13,47
2013,11,11,347
2017,6,28,675
2013,4,25,284
2012,5,29,194
2009,10,11,29
2014,9,9,309
2012,1,11,181
2015,12,25,179
2014,12,1,374
2016,1,2,252
2016,1,11,428
2014,12,26,209
2018,10,9,703
2016,1,12,488
2021,7,28,795
2021,7,29,751
2012,6,18,189
2015,1,21,404
2012,7,18,225
2012,7,25,227
2017,10,2,497
2015,3,27,398
2017,12,27,471
2013,1,26,168
2015,6,11,472
2021,1,24,592
2021,2,5,767
2018,2,14,670
2018,2,15,644
2018,12,24,350
2019,1,20,417
2019,2,21,797
2021,9,20,698
2021,9,28,735
2016,5,16,427
2019,3,10,449
2021,10,20,753
2021,10,21,741
2016,1,27,562
2019,3,19,803
2019,3,20,795
2019,1,28,663
2016,4,9,352
2019,4,12,739
2019,4,21,432
2019,7,16,734
2016,5,25,496
2016,5,27,424
2008,11,7,23
2008,11,10,12
2008,11,20,24
2008,12,5,17
2016,6,11,239
2009,4,12,7
2016,10,17,501
2010,9,27,76
2019,11,9,433
2009,4,29,22
2009,5,27,44
2016,7,4,416
2009,8,4,36
2013,11,3,242
2009,10,3,32
2009,10,21,59
2013,11,16,244
2009,11,22,43
2013,11,21,365
2019,7,31,825
2010,10,28,116
2017,6,6,595
2014,9,26,343
2012,2,12,117
2014,10,2,316
2014,10,22,361
2008,9,8,12
2020,5,26,1091
2008,10,14,10
2008,12,10,18
2020,7,18,598
2009,2,3,23
2012,4,25,191
2009,5,2,18
2017,8,2,690
2012,4,28,122
2019,6,3,601
2017,5,3,619
2017,5,5,571
2011,12,12,135
2015,3,4,429
2017,11,14,653
2015,4,23,486
2020,10,16,778
2015,6,22,430
2018,2,23,599
2013,2,9,143
2013,2,14,268
2014,8,23,182
2008,9,13,7
2008,12,30,14
2012,1,19,174
2017,5,30,605
2014,9,19,352
2021,5,7,742
2013,7,25,323
2021,4,8,826
2013,3,7,303
2013,3,10,186
2013,6,29,169
2015,8,13,434
2015,8,18,440
2018,5,15,613
2018,8,7,670
2015,11,5,468
2015,11,10,464
2021,6,20,473
2021,8,6,687
2011,1,24,119
2019,11,14,794
2011,12,27,119
2014,8,30,174
2017,9,11,566
2009,11,17,73
2014,1,23,373
2014,3,17,377
2017,3,9,595
2021,9,12,454
2018,11,22,590
2018,11,29,724
2018,12,2,407
2021,8,19,714
2021,8,26,748
2016,4,27,541
2019,3,25,702
2016,3,12,309
2019,3,28,735
2019,4,4,812
2011,10,23,73
2016,1,30,281
2019,6,21,669
2012,5,24,175
2015,1,27,378
2021,3,8,791
2018,2,21,707
2013,3,20,295
2017,2,8,587
2017,2,18,372
2017,3,4,362
2011,8,14,65
2020,4,1,1000
2014,7,5,170
2014,7,20,171
2014,8,5,371
2017,4,7,578
2020,4,26,817
2011,10,30,84
2017,4,24,628
2014,3,22,250
2014,4,18,336
2020,2,10,780
2011,5,31,133
2020,2,24,767
2009,10,16,49
2010,1,31,56
2010,4,14,83
2010,5,24,75
2010,7,6,81
2013,4,5,287
2014,10,12,222
2013,4,10,302
2018,3,16,582
2012,2,29,197
2012,3,8,178
2009,6,25,35
2009,9,23,48
2020,10,3,530
2009,12,15,86
2010,2,15,66
2013,4,30,282
2013,5,1,245
2014,11,25,376
2018,3,21,685
2012,4,11,198
2013,5,6,269
2020,8,4,797
2016,8,23,498
2010,4,9,76
2013,5,19,186
2017,8,12,327
2015,7,17,407
2011,6,25,79
2011,7,13,157
2020,3,10,834
2014,1,29,386
2014,3,28,373
2014,7,11,362
2020,10,2,659
2018,5,19,375
2009,9,29,42
2013,11,27,372
2014,10,21,397
2012,4,24,204
2020,9,6,524
2016,4,16,315
2019,2,9,389
2016,4,21,544
2021,8,23,714
2019,2,14,734
2019,3,24,461
2016,3,8,551
2019,4,5,677
2016,12,12,491
2012,8,2,208
2019,6,9,352
2016,1,31,294
2014,6,3,400
2017,2,19,382
2020,5,8,975
2014,3,11,412
2014,4,4,404
2011,3,12,72
2011,4,2,67
2011,4,20,121
2011,5,10,152
2017,2,4,355
2009,4,13,24
2009,7,30,36
2009,8,13,52
2009,9,14,47
2019,6,29,312
2010,5,3,58
2019,8,28,683
2010,6,17,66
2014,1,12,216
2019,9,19,698
2014,9,23,316
2009,7,25,21
2015,7,11,215
2009,9,26,31
2019,7,2,680
2019,7,7,353
2012,3,9,152
2020,9,8,793
2009,7,10,48
2009,8,23,24
2012,5,30,208
2009,11,28,32
2009,11,30,52
2013,11,22,359
2017,9,17,366
2012,1,15,95
2017,5,24,628
2010,2,11,72
2014,9,13,186
2018,3,20,712
2020,6,9,988
2017,7,21,604
2010,4,8,78
2013,5,18,173
2014,6,16,314
2011,9,3,51
2014,7,31,376
2014,8,19,330
2017,5,17,633
2012,1,5,137
2016,8,26,418
2016,9,2,422
2019,9,6,575
2010,7,15,95
2014,1,14,344
2010,8,21,39
2010,9,14,84
2010,10,24,73
2010,11,18,105
2010,12,23,75
2011,1,25,114
2011,1,30,81
2019,8,11,348
2010,5,16,45
2012,2,23,178
2010,6,24,102
2010,8,8,45
2017,7,8,325
2016,10,5,470
2010,9,16,102
2013,5,23,297
2015,1,14,371
2020,9,21,766
2018,3,27,662
2013,6,8,165
2015,2,7,225
2019,10,12,462
2017,9,24,394
2013,7,31,353
2015,7,28,468
2010,10,10,66
2012,7,12,237
2015,2,10,425
2020,7,24,849
2012,4,7,109
2014,11,24,345
2010,10,7,116
2020,8,23,542
2015,1,9,322
2012,6,6,180
2017,10,5,582
2013,8,7,318
2016,10,30,305
2010,11,5,111
2020,10,22,944
2010,11,30,97
2013,8,17,150
2015,3,18,410
2018,4,10,661
2013,8,24,163
2018,6,4,594
2021,5,16,567
2015,9,12,260
2012,8,20,209
2015,4,4,255
2015,4,6,330
2012,8,27,197
2012,9,11,219
2012,9,28,180
2012,10,4,204
2012,10,19,206
2012,11,12,213
2012,11,29,267
2012,12,3,219
2010,12,8,98
2010,12,13,95
2020,11,7,507
2020,11,10,818
2021,3,19,781
2016,12,29,419
2011,3,29,140
2019,12,25,385
2019,12,28,416
2011,5,25,146
2011,6,19,60
2021,6,28,710
2017,1,11,536
2015,8,4,427
2018,6,26,697
2018,8,25,327
2018,9,19,634
2017,12,9,393
2011,4,27,136
2015,5,9,260
2015,5,12,454
2017,12,14,567
2017,1,28,335
2014,5,12,311
2011,7,4,122
2018,3,2,595
2017,4,3,567
2021,4,29,864
2013,6,21,283
2011,12,21,130
2018,4,25,670
2015,10,3,247
2021,6,11,722
2014,11,17,341
2012,3,29,190
2012,4,2,162
2020,7,7,978
2018,8,3,581
2012,4,17,172
2012,4,22,129
2020,9,1,810
2017,8,16,573
2012,5,18,185
2021,7,19,730
2017,9,7,612
2018,11,16,619
2012,7,29,100
2015,3,30,378
2017,10,30,574
2015,4,1,400
2021,1,20,909
2018,2,12,685
2021,1,27,830
2021,2,25,914
2021,2,28,594
2021,9,17,666
2019,2,25,710
2016,1,23,315
2021,10,8,640
2021,10,13,751
2019,3,8,659
2016,5,15,281
2021,10,18,679
2016,5,18,512
2019,3,13,749
2019,3,18,718
2019,1,22,660
2019,1,31,710
2019,4,14,489
2009,1,4,13
2008,8,12,2
2008,12,20,8
2013,9,10,312
2013,9,11,282
2016,6,3,462
2009,3,31,36
2010,9,24,79
2010,10,18,94
2019,11,1,595
2014,2,21,413
2016,5,29,257
2016,6,4,267
2009,1,31,11
2009,4,15,32
2013,10,9,368
2016,6,22,517
2016,6,23,524
2009,6,21,26
2019,6,6,667
2013,10,19,204
2009,9,2,45
2019,7,5,617
2016,8,3,509
2010,2,2,78
2016,8,20,261
2012,2,5,108
2017,6,10,328
2008,10,13,16
2020,5,27,1067
2012,4,5,184
2009,1,23,31
2009,2,15,18
2009,2,16,18
2012,4,30,149
2009,6,12,35
2015,3,6,389
2015,3,7,269
2017,10,17,612
2020,11,18,847
2013,1,15,234
2018,1,25,639
2018,1,26,584
2020,12,8,853
2008,12,2,13
2008,12,13,9
2013,3,29,243
2013,3,30,140
2014,9,16,340
2012,1,24,162
2013,7,21,184
2013,4,3,332
2017,6,1,642
2013,2,4,244
2013,2,22,284
2018,3,8,672
2015,7,4,228
2021,4,9,754
2015,7,23,441
2013,7,10,296
2013,7,12,306
2018,5,8,607
2015,8,15,225
2015,8,16,225
2018,5,17,676
2021,6,18,698
2016,12,27,397
2014,12,31,222
2013,3,14,301
2019,8,13,678
2017,3,22,676
2018,11,23,549
2016,2,23,534
2019,2,7,686
2019,2,8,650
2021,8,18,763
2016,4,22,488
2016,4,23,350
2019,2,17,429
2021,9,6,654
2021,9,7,658
2018,10,30,651
2016,3,5,293
2019,4,6,479
2019,4,7,461
2016,7,1,476
2009,11,2,60
2010,1,28,65
2019,7,30,767
2011,5,16,137
2020,3,2,755
2017,3,3,554
2011,9,14,136
2011,9,15,147
2020,4,30,1013
2014,8,6,403
2020,5,2,755
2011,9,30,131
2011,10,31,138
2014,3,20,411
2016,12,19,434
2016,12,20,508
2011,2,10,113
2017,1,3,432
2017,1,4,542
2011,3,9,167
2019,11,28,731
2014,4,21,334
2019,11,29,638
2017,1,13,491
2017,1,22,336
2017,1,23,529
2014,5,19,321
2011,6,24,122
2009,4,14,23
2009,7,2,48
2009,12,24,48
2009,12,26,32
2010,1,29,64
2010,3,28,48
2016,9,1,446
2013,7,28,185
2018,5,25,628
2009,6,28,26
2009,7,13,51
2015,9,3,439
2009,8,10,44
2009,8,11,38
2015,9,4,374
2017,6,25,293
2009,9,27,34
2017,6,26,560
2013,4,20,179
2021,4,18,588
2016,7,28,551
2009,8,21,44
2015,1,7,351
2012,5,31,187
2017,8,25,531
2009,11,27,54
2017,5,20,359
2012,6,29,184
2012,6,30,106
2010,1,21,85
2012,1,17,163
2012,3,24,111
2020,6,11,1008
2020,8,1,512
2017,7,20,729
2010,3,21,48
2010,4,27,72
2013,5,21,259
2020,8,28,751
2016,9,10,247
2011,7,15,142
2020,3,13,650
2011,7,16,77
2020,4,12,768
2011,9,5,99
2011,11,14,138
2017,4,26,671
2011,11,29,162
2016,8,22,447
2013,12,16,301
2010,4,20,83
2010,5,10,65
2010,5,11,57
2010,6,19,53
2016,9,26,438
2014,1,20,319
2019,9,29,415
2016,10,20,503
2010,3,10,86
2019,8,4,404
2011,1,2,49
2014,3,18,417
2011,1,27,100
2014,3,19,418
2010,4,2,57
2012,2,16,183
2019,8,23,626
2020,10,8,831
2020,10,28,901
2012,3,23,164
2014,12,16,351
2013,5,14,305
2020,8,26,859
2017,8,10,624
2010,5,17,95
2014,6,2,308
2017,3,1,553
2014,6,17,331
2014,7,2,358
2020,4,11,736
2017,3,26,375
2017,4,29,337
2011,11,28,157
2014,9,4,336
2017,5,18,617
2013,12,11,401
2010,4,19,67
2016,9,8,426
2019,9,5,609
2010,7,11,55
2016,9,25,269
2014,1,25,253
2010,8,24,98
2019,9,30,683
2010,10,1,86
2010,2,10,76
2010,12,29,85
2014,3,7,429
2010,2,20,49
2017,5,25,563
2014,10,4,193
2010,5,12,64
2019,8,24,307
2014,10,9,347
2012,2,24,159
2014,1,8,395
2017,7,7,620
2019,9,23,681
2014,11,3,348
2016,9,28,528
2014,11,5,401
2020,6,5,951
2020,8,29,548
2020,9,22,841
2013,6,7,300
2019,10,3,686
2012,6,15,193
2010,9,5,36
2018,3,28,725
2015,1,20,380
2016,10,14,509
2017,9,6,615
2020,10,18,555
2014,11,23,263
2010,11,1,81
2016,11,7,527
2010,11,26,74
2017,8,7,579
2020,8,22,500
2016,11,20,417
2015,1,10,194
2017,9,21,630
2012,7,8,107
2015,2,6,376
2011,3,13,79
2012,8,14,218
2019,10,30,822
2013,1,1,111
2015,3,19,394
2013,8,21,304
2017,10,19,625
2013,1,3,224
2015,2,19,444
2012,9,7,184
2017,10,6,582
2012,9,10,195
2012,9,20,214
2012,10,10,231
2012,10,20,143
2015,2,21,276
2012,11,21,239
2012,12,17,222
2012,12,19,219
2011,1,17,123
2011,1,19,131
2011,2,12,79
2011,2,17,123
2011,2,27,72
2019,11,22,739
2019,12,29,389
2011,5,4,143
2014,6,12,323
2011,8,29,126
2011,8,31,144
2014,7,27,214
2018,11,4,418
2016,2,11,566
2015,9,16,430
2015,8,3,458
2018,4,14,365
2018,8,17,584
2015,11,15,308
2018,9,13,573
2020,1,19,473
2017,12,13,590
2015,5,13,404
2020,2,2,475
2018,1,29,597
2011,7,3,71
2017,2,23,608
2020,12,20,563
2011,7,30,66
2015,6,9,466
2021,1,4,753
2011,8,22,129
2021,3,30,770
2021,4,3,539
2011,9,22,141
2011,10,18,129
2020,5,4,965
2021,5,22,554
2021,6,15,798
2018,7,19,697
2015,10,22,505
2020,6,23,1002
2012,3,30,167
2020,6,30,923
2015,10,29,521
2020,7,3,857
2018,8,2,698
2012,4,3,210
2012,4,16,156
2014,11,30,253
2015,12,28,327
2014,12,3,407
2021,7,15,764
2021,7,18,475
2012,5,22,188
2021,7,25,468
2016,1,13,453
2020,9,29,840
2016,2,13,289
2020,10,25,563
2012,7,28,112
2018,2,8,693
2021,1,9,563
2021,2,4,864
2021,2,9,869
2013,2,1,264
2021,2,24,846
2016,3,24,461
2019,1,14,583
2021,9,14,775
2016,5,5,497
2021,10,10,454
2019,3,21,775
2019,4,17,766
2019,4,19,562
2008,10,19,9
2009,3,28,10
2010,5,1,38
2019,5,14,756
2008,9,15,23
2016,5,21,257
2008,9,30,16
2019,5,5,414
2016,5,28,251
2008,12,3,22
2009,1,6,17
2019,5,15,728
2013,9,26,310
2009,3,4,25
2010,9,25,43
2010,10,19,99
2016,11,1,477
2008,10,22,24
2008,12,22,15
2016,6,13,501
2009,4,30,30
2019,5,30,643
2009,5,13,39
2013,10,18,342
2009,7,22,44
2009,8,1,17
2016,7,10,242
2009,9,3,37
2016,7,12,515
2009,9,20,28
2013,11,10,235
2019,7,14,366
2013,11,25,360
2011,7,18,134
2011,8,9,139
2017,3,14,583
2020,3,30,884
2011,9,7,133
2017,4,9,371
2011,11,1,133
2011,11,6,86
2011,12,2,128
2014,9,1,273
2011,12,29,96
2011,11,21,141
2012,1,6,143
2010,5,7,61
2019,10,8,702
2016,10,19,531
2014,2,22,265
2010,3,8,79
2010,3,13,52
2016,12,13,511
2010,3,18,71
2010,4,4,44
2019,8,17,381
2016,9,3,252
2013,12,31,193
2010,6,3,96
2014,10,29,371
2019,9,15,400
2016,9,21,527
2020,5,29,988
2010,8,29,53
2013,5,26,164
2016,9,16,456
2010,6,30,95
2010,8,12,101
2010,9,2,76
2013,6,12,303
2019,10,13,449
2010,10,11,78
2016,10,22,275
2020,7,25,613
2020,7,28,924
2014,12,11,388
2012,5,4,160
2010,12,4,62
2017,8,27,333
2012,7,3,199
2012,8,16,213
2010,11,4,117
2015,2,11,440
2020,10,21,828
2017,9,28,594
2013,8,11,203
2012,7,16,227
2011,3,21,105
2013,8,28,303
2018,6,8,592
2013,9,4,306
2012,12,14,196
2017,11,4,384
2012,8,31,211
2012,9,15,93
2012,10,13,130
2012,10,15,218
2012,10,18,232
2012,11,8,275
2012,11,13,252
2012,12,9,153
2014,3,2,277
2017,10,11,637
2012,12,24,138
2016,12,8,514
2015,2,28,250
2014,4,8,388
2011,3,16,146
2021,3,13,552
2021,3,18,887
2014,4,13,240
2011,4,1,112
2019,12,24,443
2020,2,7,736
2020,2,20,831
2011,6,18,63
2017,2,13,523
2011,7,8,133
2011,9,24,83
2018,9,23,411
2015,12,19,246
2015,12,21,387
2018,11,2,587
2018,11,12,637
2019,12,7,426
2011,4,16,82
2015,5,3,265
2020,1,14,762
2011,4,21,130
2021,6,7,807
2018,6,13,677
2018,6,18,628
2018,8,24,590
2015,11,30,476
2015,12,1,498
2015,12,6,316
2021,6,10,815
2017,1,15,317
2011,4,26,132
2011,5,22,75
2011,6,15,148
2014,6,7,172
2020,12,15,859
2020,3,5,833
2014,6,24,335
2018,3,1,644
2020,4,6,968
2014,7,10,385
2020,4,19,759
2011,12,22,108
2021,5,24,745
2015,8,8,186
2015,10,7,483
2018,7,9,703
2018,7,14,345
2015,10,20,477
2017,7,12,702
2020,6,25,984
2015,10,24,278
2018,9,30,404
2016,1,5,425
2021,7,5,632
2017,7,29,331
2018,10,6,368
2016,1,10,304
2021,7,10,478
2014,12,28,184
2021,7,23,686
2021,7,30,741
2021,8,1,483
2012,7,21,111
2015,5,21,440
2021,1,31,609
2021,2,17,852
2015,6,17,446
2021,2,22,811
2018,12,27,505
2016,3,29,527
2016,4,2,295
2019,1,19,363
2021,9,22,757
2019,2,27,829
2018,10,21,423
2021,9,29,693
2021,10,25,764
2019,1,26,334
2019,1,29,676
2016,4,12,530
2019,4,24,792
2008,8,17,4
2008,11,24,11
2008,8,15,2
2019,4,26,666
2016,5,20,463
2008,9,3,9
2019,4,29,687
2008,10,1,26
2008,12,18,20
2013,9,22,206
2009,1,17,17
2016,6,6,468
2019,5,22,731
2016,10,24,456
2010,10,21,101
2008,9,16,43
2008,10,31,16
2019,5,29,720
2013,10,15,331
2009,6,23,53
2009,9,18,48
2017,2,10,579
2016,7,19,540
2013,11,8,350
2009,11,7,22
2009,12,10,63
2010,1,4,63
2013,11,28,312
2016,8,13,247
2010,2,5,60
2017,6,11,329
2012,2,14,181
2017,7,4,541
2014,12,6,215
2020,7,21,913
2009,2,13,21
2013,9,29,208
2009,3,11,27
2009,4,4,17
2020,8,17,789
2009,5,5,27
2016,6,19,277
2020,5,14,1088
2020,11,11,839
2012,12,29,133
2013,1,6,144
2015,4,15,453
2015,4,18,257
2017,11,22,683
2015,4,25,273
2015,5,28,427
2018,1,12,582
2018,1,17,590
2014,8,25,291
2008,10,16,23
2008,10,26,13
2013,3,27,285
2008,12,15,22
2009,1,2,13
2009,1,12,20
2018,4,4,674
2013,7,23,353
2009,4,24,35
2021,4,6,821
2013,3,2,181
2015,7,7,465
2018,3,11,442
2021,5,2,627
2013,7,3,352
2013,7,5,260
2015,8,21,384
2021,8,9,694
2021,8,11,779
2019,6,25,738
2019,6,28,590
2019,8,7,766
2010,3,23,84
2019,9,10,670
2011,2,22,142
2017,5,13,324
2015,2,16,375
2021,6,2,807
2009,6,30,43
2019,11,19,867
2019,2,5,665
2016,4,20,510
2016,1,18,434
2021,9,4,407
2021,9,9,672
2018,10,28,376
2016,2,28,321
2018,12,7,576
2018,12,10,621
2016,3,7,502
2018,12,20,595
2019,3,30,425
2019,6,18,741
2019,8,20,670
2015,5,25,315
2011,5,14,64
2020,1,31,722
2020,2,15,412
2020,3,15,549
2020,3,18,795
2017,3,6,566
2011,8,19,126
2017,3,19,427
2011,9,12,132
2017,4,12,585
2011,10,13,166
2014,8,8,358
2011,9,2,115
2016,12,3,308
2016,12,16,462
2014,3,24,384
2014,4,3,425
2011,3,8,163
2020,1,26,432
2014,5,16,260
2009,6,5,33
2009,7,1,31
2009,7,31,42
2009,8,29,22
2009,12,7,55
2010,3,3,82
2013,12,14,183
2010,5,22,45
2016,9,13,436
2010,7,28,105
2019,9,20,595
2016,10,9,320
2019,6,8,323
2009,7,26,32
2013,4,13,166
2009,9,8,48
2015,9,6,266
2009,9,25,39
2009,10,28,66
2017,7,9,332
2015,1,5,319
2009,8,22,24
2020,9,12,503
2016,7,17,267
2009,10,8,54
2012,6,27,215
2015,1,30,378
2017,9,16,325
2015,2,1,260
2019,7,28,426
2012,1,14,105
2009,12,20,33
2020,6,10,1092
2010,1,9,48
2013,5,4,179
2021,4,21,919
2010,2,23,83
2013,5,9,292
2017,7,24,595
2012,5,12,132
2010,6,8,70
2014,12,21,193
2014,7,15,386
2020,4,14,912
2014,8,18,325
2011,11,11,121
2016,10,4,517
2010,3,30,71
2010,5,29,47
2010,6,18,69
2014,1,13,346
2010,9,10,89
2014,2,9,263
2010,11,19,88
2011,1,26,110
2011,1,29,90
2014,9,14,208
2010,4,26,73
2014,10,7,341
2010,6,25,79
2010,8,7,52
2012,6,12,192
2013,6,4,283
2017,9,3,352
2013,6,9,148
2014,2,4,397
2010,9,20,82
2013,7,30,315
2012,7,11,228
2013,8,3,132
2010,10,6,97
2012,6,2,110
2020,9,17,853
2020,10,13,835
2012,8,11,98
2012,7,13,204
2010,11,6,79
2018,4,9,601
2021,5,12,870
2013,8,16,284
2015,3,22,276
2018,6,3,367
2018,6,5,721
2021,5,17,747
2012,10,5,196
2012,10,23,235
2012,10,30,214
2012,11,3,166
2012,11,23,216
2012,11,30,278
2016,11,24,463
2010,12,12,53
2012,12,22,124
2010,12,17,74
2015,2,26,450
2012,12,26,148
2011,1,22,62
2018,1,2,485
2017,1,7,333
2011,3,18,113
2013,2,6,295
2011,3,25,123
2011,3,28,118
2020,1,1,341
2017,1,20,530
2014,5,3,227
2016,3,13,319
2018,12,31,381
2016,3,23,501
2019,1,8,621
2019,1,13,384
2016,4,1,460
2016,1,22,479
2016,5,9,459
2019,3,7,728
2021,10,22,720
2019,3,17,455
2021,10,31,487
2019,3,22,740
2019,1,23,637
2019,4,18,712
2008,8,11,1
2013,10,14,320
2008,8,18,3
2008,8,19,4
2019,4,28,447
2008,9,18,34
2008,10,8,21
2008,10,9,17
2008,11,9,15
2009,2,10,27
2016,6,7,513
2009,2,20,30
2009,4,1,34
2013,10,4,304
2010,11,11,115
2010,11,13,69
2016,11,13,332
2016,11,15,573
2008,12,7,12
2009,1,20,13
2009,3,19,25
2016,6,18,241
2019,6,1,338
2016,6,24,450
2016,6,25,227
2009,7,7,41
2009,9,16,35
2019,6,26,791
2020,3,7,505
2019,7,17,766
2009,12,13,30
2010,1,16,38
2010,1,17,44
2013,12,3,377
2020,3,24,803
2016,8,16,505
2017,6,5,527
2014,9,29,310
2014,10,1,329
2017,6,30,520
2012,3,12,163
2020,7,15,946
2014,10,26,244
2014,10,27,347
2008,8,25,6
2017,7,6,649
2008,12,24,10
2009,1,9,21
2009,3,10,25
2009,4,19,15
2012,4,27,178
2015,3,11,459
2013,1,8,232
2015,4,21,485
2020,11,22,634
2018,1,5,516
2020,11,30,799
2015,6,2,449
2013,1,18,227
2018,1,23,631
2013,2,8,277
2017,5,7,346
2015,6,27,221
2013,3,24,170
2021,4,13,820
2021,4,14,821
2015,7,25,231
2018,4,3,664
2013,7,17,338
2017,5,31,621
2014,9,21,224
2009,5,8,28
2013,3,9,173
2018,3,31,392
2018,4,2,514
2018,5,13,370
2018,8,9,695
2015,11,7,285
2018,8,10,632
2018,8,11,322
2021,8,12,781
2011,3,23,116
2014,5,13,363
2017,3,8,645
2020,5,6,1089
2009,6,17,41
2016,2,19,520
2018,11,26,697
2018,11,27,740
2021,8,21,409
2019,2,12,740
2021,8,29,496
2021,9,1,686
2016,4,26,532
2021,9,2,811
2016,3,1,504
2018,12,17,595
2019,3,27,781
2019,4,10,795
2013,12,2,336
2014,1,16,405
2019,9,18,647
2011,5,2,112
2017,1,25,589
2018,1,4,547
2011,6,28,145
2014,7,3,333
2011,8,20,75
2011,9,9,118
2011,9,10,78
2011,10,10,115
2017,4,14,473
2014,7,30,364
2011,1,5,103
2011,1,7,103
2011,2,4,124
2011,2,5,80
2011,3,6,86
2019,11,24,496
2011,4,3,104
2020,1,8,727
2020,2,9,490
2017,2,15,556
2009,4,26,17
2013,10,23,365
2010,7,5,71
2010,7,30,110
2013,4,7,197
2021,6,3,764
2012,2,1,166
2018,5,28,564
2019,6,20,723
2017,6,23,622
2012,3,2,193
2009,10,31,34
2013,4,24,315
2009,11,15,36
2015,1,2,254
2017,8,22,596
2009,7,24,38
2009,8,5,49
2012,5,28,137
2009,9,6,27
2015,1,29,398
2017,9,15,540
2012,7,1,124
2014,9,12,325
2010,2,17,77
2010,2,18,75
2017,10,4,655
2014,11,11,379
2016,8,6,237
2010,2,25,71
2014,11,27,314
2018,3,22,655
2020,8,5,885
2014,11,28,298
2019,8,18,366
2019,8,19,631
2012,5,10,215
2014,12,18,351
2019,8,25,378
2012,5,11,190
2010,6,7,76
2014,6,14,173
2011,12,1,163
2010,2,3,95
2010,2,4,72
2012,1,8,106
2012,2,15,171
2017,7,2,308
2012,3,17,117
2008,8,22,7
2008,10,3,23
2008,10,4,7
2008,10,23,16
2008,11,14,16
2020,7,19,651
2020,7,20,920
2009,3,23,30
2009,4,5,12
2009,5,3,22
2009,5,4,31
2009,6,11,41
2011,12,13,166
2012,12,28,174
2019,10,2,722
2015,4,16,422
2017,11,15,664
2017,11,16,674
2015,5,31,260
2018,1,10,600
2018,2,27,702
2013,2,13,295
2021,3,28,541
2008,11,29,21
2017,5,27,358
2009,2,5,28
2009,3,13,33
2012,1,25,163
2013,4,2,277
2009,6,1,33
2018,2,19,623
2015,7,6,433
2013,3,12,291
2013,7,1,298
2013,7,11,318
2015,8,14,382
2021,6,19,506
2018,8,14,656
2016,1,15,453
2021,8,16,666
2010,3,1,78
2014,4,11,361
2020,2,5,830
2014,6,25,383
2016,8,2,489
2010,7,25,54
2014,8,31,180
2018,8,15,617
2018,10,14,372
2016,1,16,310
2018,10,15,619
2018,12,12,651
2018,12,14,553
2016,7,21,499
2010,1,12,79
2010,7,26,88
2020,1,22,782
2018,5,24,727
2015,11,13,459
2020,1,23,828
2021,3,21,591
2011,5,15,89
2014,5,9,355
2011,6,7,109
2020,2,14,694
2011,6,8,152
2020,2,29,473
2017,2,21,628
2020,3,3,869
2017,3,2,595
2011,8,17,154
2014,7,18,352
2020,4,29,1050
2014,8,7,384
2011,12,4,89
2017,5,2,590
2014,3,9,248
2019,11,12,810
2011,4,8,98
2014,4,26,276
2020,1,3,661
2020,1,4,415
2014,5,18,178
2014,6,1,195
2009,5,22,38
2009,7,3,40
2009,8,28,44
2013,11,1,324
2009,10,1,41
2009,11,19,57
2009,11,20,69
2009,12,8,65
2009,12,25,19
2010,3,26,76
2010,5,26,95
2010,7,8,88
2019,9,12,674
2010,8,18,92
2010,8,19,108
2010,8,20,83
2010,9,7,78
2010,9,8,88
2009,8,26,47
2016,7,11,435
2012,3,6,181
2012,3,7,182
2021,4,19,827
2020,9,9,781
2017,8,24,617
2009,10,10,38
2009,10,25,32
2009,10,26,43
2009,12,17,66
2013,11,26,343
2019,7,29,672
2010,2,13,45
2013,4,27,193
2010,1,11,53
2010,2,22,91
2013,5,11,160
2012,4,14,132
2013,5,12,186
2013,12,18,313
2014,1,2,284
2016,9,11,288
2017,2,28,577
2011,7,14,171
2017,3,13,565
2016,8,27,262
2017,4,10,583
2020,4,28,1006
2017,4,11,615
2011,10,6,140
2011,11,5,100
2011,11,30,143
2011,12,31,81
2012,1,7,96
2010,6,20,46
2010,7,10,49
2014,1,19,238
2019,9,21,370
2016,10,2,292
2019,9,28,382
2014,2,1,221
2016,10,27,519
2010,11,17,101
2010,3,11,79
2019,11,11,749
2011,2,1,120
2015,2,18,389
2020,5,20,1125
2010,4,3,47
2010,4,22,57
2014,10,6,327
2014,1,27,343
2020,9,19,499
2013,6,2,144
2015,2,9,409
2014,2,11,381
2019,10,20,449
2014,2,12,392
2021,5,10,824
2010,9,17,74
2020,7,27,888
2019,10,19,461
2019,10,27,460
2020,8,21,757
2014,12,13,190
2012,5,6,94
2012,5,7,169
2017,8,26,325
2017,9,18,571
2020,10,11,534
2012,7,4,195
2012,7,6,206
2012,8,12,115
2013,8,9,261
2021,5,11,849
2010,11,7,48
2013,8,18,158
2013,9,1,175
2015,9,13,255
2012,8,30,222
2012,9,3,159
2012,9,4,192
2012,9,13,216
2012,9,22,123
2012,9,23,145
2012,10,11,236
2017,10,8,399
2012,10,29,222
2012,12,1,161
2016,11,26,302
2020,11,9,791
2016,12,9,532
2017,11,5,404
2014,3,27,436
2021,3,10,890
2021,3,12,826
2011,3,20,70
2011,2,25,115
2011,2,26,56
2014,4,1,483
2019,11,21,835
2019,12,27,548
2011,6,17,110
2017,2,12,355
2014,6,26,378
2011,8,6,72
2011,8,7,87
2018,11,6,689
2015,3,24,440
2019,12,9,730
2017,10,24,704
2019,12,19,675
2019,12,20,570
2018,4,16,678
2018,6,15,584
2018,6,16,322
2021,6,9,818
2018,9,7,548
2015,12,12,312
2017,12,7,610
2011,4,25,93
2013,1,14,204
2018,2,2,528
2020,12,26,468
2020,3,22,577
2020,4,21,1007
2011,12,23,97
2013,6,27,306
2020,6,12,955
2018,7,8,341
2020,6,21,649
2018,7,24,745
2020,6,28,614
2015,11,2,451
2018,8,5,332
2015,11,4,455
2015,12,30,309
2017,7,27,679
2020,8,10,855
2020,8,11,872
2021,7,6,761
2021,7,17,465
2021,7,24,461
2017,9,9,345
2015,1,24,229
2012,7,23,240
2017,10,25,668
2021,1,21,880
2021,1,28,849
2021,1,29,743
2015,6,15,410
2021,2,19,825
2021,2,20,605
2013,2,2,170
2016,3,14,501
2016,3,15,534
2019,1,16,587
2019,2,24,407
2019,3,5,759
2016,5,12,518
2021,10,15,670
2021,10,16,503
2019,3,15,647
2019,3,16,433
2008,8,31,7
2008,8,4,3
2008,8,13,1
2008,11,5,13
2008,11,30,10
2009,5,23,19
2008,9,5,8
2008,8,23,1
2019,4,25,756
2013,9,8,168
2016,6,2,500
2013,9,25,312
2009,2,9,31
2009,2,19,23
2019,5,16,715
2013,9,30,277
2009,3,17,25
2008,8,3,5
2016,9,24,281
2010,10,20,111
2010,11,10,108
2016,11,11,497
2019,11,10,510
2010,12,21,108
2008,11,1,6
2013,9,28,196
2009,4,16,28
2019,5,28,675
2016,6,20,458
2013,10,16,353
2019,6,7,613
2009,7,18,16
2019,6,22,360
2009,10,7,54
2016,8,4,492
2016,8,9,487
2013,11,29,280
2019,8,8,742
2010,3,29,82
2017,5,19,604
2017,6,12,581
2017,7,3,523
2014,10,25,194
2008,11,28,11
2014,12,7,241
2017,8,1,676
2009,3,24,36
2009,5,31,22
2017,5,4,592
2014,8,22,302
2015,3,8,272
2012,12,30,136
2015,4,14,428
2017,11,18,393
2018,1,11,589
2020,12,1,856
2018,1,21,399
2015,7,8,520
2008,9,29,22
2017,5,9,590
2014,8,26,358
2008,12,31,12
2014,9,15,304
2020,5,18,978
2009,1,13,30
2013,4,4,316
2009,3,2,29
2014,9,18,343
2009,3,27,25
2018,4,5,670
2013,7,26,306
2015,6,18,439
2013,2,27,282
2013,3,11,284
2018,5,11,614
2015,11,6,427
2015,11,9,430
2021,8,5,773
2016,1,14,458
2016,9,12,437
2016,9,17,292
2016,10,23,345
2014,3,16,266
2015,1,26,327
2016,6,27,454
2020,11,27,649
2018,11,25,481
2016,2,22,515
2021,8,27,647
2021,8,30,637
2021,9,3,605
2018,10,29,684
2016,1,29,440
2019,3,29,687
2019,4,3,823
2019,4,8,750
2010,9,6,77
2017,1,19,575
2019,2,4,625
2017,12,31,270
2018,8,16,661
2018,3,12,642
2020,2,1,460
2013,3,21,327
2011,6,6,142
2020,2,28,718
2020,3,31,979
2020,4,15,1020
2011,9,11,88
2011,10,24,137
2017,4,21,613
2011,1,3,91
2016,12,4,353
2011,2,8,128
2017,1,6,490
2011,4,7,140
2011,4,10,66
2017,2,14,606
2009,8,30,23
2009,11,18,41
2009,12,6,32
2009,12,28,48
2010,1,30,33
2016,8,19,393
2010,3,24,78
2013,12,15,196
2013,12,20,283
2010,5,25,101
2014,1,4,216
2010,7,7,112
2009,6,26,29
2009,6,29,51
2018,5,26,380
2013,4,9,334
2015,9,2,431
2009,8,8,23
2009,8,25,41
2018,5,31,642
2018,3,17,372
2017,6,24,338
2013,4,19,288
2013,11,7,362
2009,10,29,63
2019,7,10,769
2019,7,15,651
2015,1,1,156
2009,7,23,49
2009,9,22,51
2012,1,10,124
2015,1,31,239
2010,1,5,61
2012,7,2,186
2012,8,5,145
2009,12,21,57
2021,4,20,865
2013,5,5,159
2012,4,12,194
2019,8,6,801
2017,7,23,375
2014,12,17,357
2017,8,11,551
2018,3,24,394
2012,5,13,108
2014,12,20,187
2011,8,10,173
2011,8,13,87
2014,7,16,354
2017,3,27,585
2011,10,4,127
2019,9,14,365
2011,11,12,88
2011,12,3,99
2010,4,18,35
2010,5,8,46
2010,5,28,68
2010,6,22,86
2016,10,3,450
2010,10,2,53
2010,10,27,108
2010,2,9,69
2012,2,18,108
2010,4,23,61
2014,10,8,346
2017,6,17,344
2016,10,13,503
2014,1,9,360
2017,8,31,612
2013,5,30,301
2012,6,11,187
2013,6,3,274
2021,4,27,903
2013,7,29,300
2014,2,5,394
2020,10,17,558
2015,1,11,220
2020,10,12,845
2015,2,5,386
2017,9,22,536
2011,1,23,64
2011,3,22,144
2013,8,22,305
2015,3,23,402
2015,9,7,319
2012,10,1,183
2020,11,2,773
2012,10,26,197
2012,11,4,142
2012,11,9,236
2012,11,22,263
2012,12,5,257
2012,12,8,161
2020,11,5,813
2014,3,3,423
2014,3,13,449
2012,12,25,114
2011,1,18,100
2016,12,22,453
2021,3,14,595
2021,3,17,904
2011,2,28,107
2014,5,15,347
2011,7,12,150
2014,6,28,157
2014,7,14,363
2020,4,10,870
2018,9,22,397
2018,9,26,654
2018,11,8,639
2016,2,7,327
2017,10,23,602
2015,3,25,481
2014,4,24,357
2019,12,13,677
2017,11,30,639
2018,6,9,361
2015,9,20,230
2015,9,27,234
2018,8,18,329
2015,11,19,483
2018,8,28,686
2018,8,30,719
2015,12,5,302
2015,5,7,427
2014,4,29,361
2013,1,12,132
2011,5,18,137
2020,2,16,490
2020,12,11,760
2014,6,8,230
2018,2,4,393
2017,3,20,626
2021,4,2,655
2013,2,20,269
2011,9,21,133
2013,6,13,302
2011,10,17,126
2013,6,23,171
2021,5,21,763
2018,4,27,568
2018,4,30,584
2018,5,1,522
2015,8,12,432
2018,6,29,589
2015,10,11,280
2014,11,14,329
2020,6,14,711
2015,10,21,438
2018,7,23,696
2017,7,13,652
2018,7,25,658
2020,7,2,989
2014,11,19,376
2014,12,2,375
2021,7,4,480
2014,12,27,195
2012,6,21,236
2012,7,17,217
2020,10,24,478
2012,7,24,215
2015,2,15,246
2017,12,26,410
2015,5,22,370
2021,1,10,548
2018,2,9,616
2021,1,15,785
2021,1,25,788
2021,2,18,869
2018,12,21,495
2018,12,28,515
2016,3,18,461
2019,1,5,392
2021,9,13,616
2021,9,23,751
2019,2,26,739
2021,10,9,465
2016,5,14,273
2019,3,9,480
2021,10,29,750
2016,4,6,557
2019,1,30,751
2019,2,1,614
2019,4,23,718
2008,11,16,9
2008,9,1,9
2019,5,1,538
2013,9,15,186
2013,9,16,294
2019,5,18,394
2009,4,11,21
2019,10,7,679
2010,11,12,92
2010,12,2,90
2014,3,5,431
2008,11,25,17
2008,12,8,11
2009,1,19,25
2009,2,2,11
2009,2,11,23
2009,2,12,30
2019,5,25,435
2016,6,17,475
2013,10,22,349
2009,8,16,21
2016,7,6,527
2009,8,31,28
2019,7,18,759
2009,12,14,66
2010,3,5,67
2014,9,28,210
2012,2,10,172
2017,6,13,592
2014,10,20,347
2017,7,5,671
2008,9,26,30
2012,3,20,170
2014,11,21,348
2008,11,26,14
2009,2,27,16
2009,3,9,31
2019,5,26,422
2014,12,10,361
2017,8,3,638
2009,6,24,28
2011,12,9,126
2020,11,13,735
2012,12,31,134
2015,4,22,473
2017,9,23,366
2017,11,26,374
2018,1,6,345
2013,1,19,160
2020,12,4,800
2020,12,5,577
2018,3,13,640
2008,11,18,16
2021,5,6,888
2009,1,27,18
2013,7,16,348
2009,4,9,21
2014,9,20,197
2013,7,24,327
2012,1,28,105
2021,3,6,626
2013,1,10,246
2015,8,19,444
2015,8,20,472
2021,8,13,702
2009,10,15,48
2017,10,3,620
2017,11,1,589
2018,5,23,686
2013,10,29,383
2019,7,8,761
2020,4,7,966
2014,11,20,412
2017,12,29,422
2021,3,7,562
2016,2,18,583
2016,2,25,547
2021,9,11,415
2016,1,28,500
2016,3,10,551
2019,3,26,767
2019,4,1,705
2019,7,25,786
2011,8,27,59
2013,3,17,180
2017,2,6,533
2017,2,7,613
2014,5,22,343
2011,7,19,148
2011,7,20,149
2011,7,21,140
2017,3,17,595
2014,7,22,425
2020,4,18,784
2011,10,11,132
2014,7,29,386
2017,4,6,629
2011,9,27,144
2020,4,25,765
2020,5,7,1017
2011,10,27,151
2016,12,5,524
2014,3,23,302
2014,4,5,242
2014,4,16,427
2014,5,5,310
2014,5,29,336
2014,5,30,298
2014,5,31,156
2020,2,25,879
2009,5,9,27
2009,5,24,26
2009,7,16,35
2009,8,15,18
2009,9,15,33
2013,11,15,317
2010,4,15,76
2010,4,16,69
2013,12,28,167
2010,6,15,88
2019,10,6,452
2009,6,16,40
2015,7,10,414
2012,2,28,192
2018,5,30,659
2018,6,1,571
2013,4,17,322
2009,10,14,41
2013,11,14,368
2009,11,14,46
2020,6,7,717
2014,11,10,329
2020,9,13,566
2015,1,3,215
2015,1,4,212
2012,5,27,101
2017,8,23,620
2010,1,24,49
2010,2,16,77
2012,4,10,183
2010,2,24,81
2014,12,19,307
2020,2,26,828
2014,6,15,188
2011,8,12,147
2020,4,8,939
2011,10,2,80
2011,11,9,162
2011,11,24,121
2016,8,17,536
2010,3,16,67
2010,3,31,95
2010,5,31,53
2010,7,14,109
2016,11,4,501
2014,2,24,422
2016,11,5,310
2016,11,30,524
2010,12,27,63
2011,1,31,89
2012,8,9,220
2019,8,10,341
2012,2,20,172
2010,5,15,39
2014,10,10,372
2019,9,7,384
2012,3,21,197
2020,6,6,746
2013,5,24,248
2013,6,5,306
2010,8,14,57
2015,7,20,412
2017,9,5,589
2012,7,9,206
2010,9,21,88
2013,8,5,270
2010,11,2,90
2017,8,4,602
2012,5,2,170
2010,11,21,55
2019,11,6,772
2017,8,5,341
2017,8,30,623
2015,2,3,388
2010,12,19,70
2014,3,4,407
2019,11,17,549
2013,8,23,290
2018,4,11,685
2013,8,30,263
2013,8,31,158
2015,2,23,400
2020,11,4,796
2012,12,15,139
2012,8,24,187
2012,9,9,118
2012,9,24,205
2012,10,16,243
2012,10,24,222
2012,11,5,212
2012,11,16,219
2015,2,22,269
2016,11,23,544
2012,12,16,134
2011,1,15,82
2011,1,16,74
2015,3,1,300
2015,3,3,419
2011,2,15,117
2016,12,23,374
2011,3,14,125
2011,3,15,146
2015,6,20,242
2014,3,30,269
2016,12,30,351
2016,12,31,247
2020,2,8,467
2011,5,28,82
2011,6,21,155
2020,3,8,533
2011,7,10,66
2011,8,2,137
2014,7,28,344
2018,9,28,589
2018,11,10,394
2017,10,22,398
2019,12,6,696
2011,4,14,138
2015,4,28,445
2015,4,29,491
2018,4,13,570
2015,9,17,393
2015,9,19,246
2015,11,17,501
2018,8,26,350
2015,12,9,487
2011,5,20,111
2014,5,23,335
2017,12,22,439
2020,2,18,828
2020,12,23,709
2020,12,30,734
2011,8,21,93
2015,6,28,233
2013,2,17,155
2018,3,4,475
2011,9,19,149
2014,8,28,325
2017,6,4,373
2015,8,10,434
2018,5,3,666
2018,5,4,607
2018,7,3,681
2021,6,13,529
2015,10,19,431
2018,7,22,388
2018,7,29,379
2018,8,1,704
2020,7,6,908
2015,12,24,280
2020,8,6,859
2021,7,2,725
2012,4,19,214
2012,4,20,167
2021,7,11,457
2021,7,12,712
2012,5,19,128
2012,5,21,161
2021,7,27,785
2021,8,4,768
2012,6,19,226
2018,11,20,663
2017,9,30,338
2012,7,27,200
2017,10,29,387
2017,12,28,506
2021,1,7,825
2021,1,8,874
2015,6,10,467
2021,2,14,553
2016,3,20,296
2019,1,11,560
2016,3,28,420
2018,10,18,710
2016,5,7,304
2019,3,1,668
2021,10,1,641
2021,10,3,496
2018,10,25,704
2016,4,10,377
2019,2,3,425
2008,11,8,7
2010,6,2,76
2019,8,31,346
2010,6,27,46
2014,10,31,327
2010,8,9,94
2010,8,27,78
2018,3,25,415
2014,12,23,295
2013,5,28,284
2013,5,29,315
2018,3,26,656
2015,1,17,215
2012,6,14,210
2017,7,19,694
2010,10,9,50
2010,11,24,96
2017,8,8,619
2015,1,8,362
2012,6,5,198
2020,9,18,764
2020,10,10,519
2017,9,19,577
2010,11,8,85
2016,11,10,508
2015,3,17,436
2013,8,19,227
2013,8,20,283
2014,4,10,434
2015,7,31,428
2013,8,27,304
2020,1,13,679
2012,8,21,207
2012,12,11,236
2012,12,12,229
2013,1,5,151
2012,8,28,222
2012,8,29,241
2017,10,7,375
2012,10,12,206
2012,10,21,156
2012,10,28,132
2012,11,2,185
2012,11,19,231
2012,11,20,247
2012,11,27,281
2014,2,28,378
2010,12,5,81
2012,12,10,245
2016,11,25,381
2010,12,14,101
2012,12,21,194
2010,12,15,90
2010,12,16,96
2011,1,20,108
2018,1,1,314
2021,3,11,902
2018,2,20,659
2011,3,19,94
2011,3,27,95
2017,2,1,632
2017,2,11,359
2016,2,4,512
2016,2,6,318
2011,4,17,74
2017,12,6,679
2015,8,5,466
2015,9,22,442
2015,9,23,437
2015,11,22,318
2018,9,6,632
2015,12,14,455
2014,4,28,372
2015,5,6,467
2011,4,24,82
2017,12,17,383
2020,12,10,877
2011,7,5,132
2014,6,10,374
2020,12,25,432
2014,7,9,359
2011,8,24,135
2017,4,1,371
2013,6,19,312
2013,6,20,299
2021,5,1,584
2021,5,26,842
2018,5,7,589
2015,10,5,419
2018,7,6,618
2018,7,7,332
2015,10,14,483
2015,10,15,480
2018,7,17,708
2014,11,15,242
2014,11,16,228
2020,6,29,881
2015,10,30,427
2015,11,3,454
2020,7,9,947
2012,4,15,123
2015,12,29,372
2018,10,5,608
2014,12,4,401
2021,7,7,784
2021,7,8,813
2017,8,17,646
2020,10,1,815
2015,1,25,240
2020,10,26,756
2012,7,31,241
2017,12,24,274
2021,1,11,786
2021,1,12,862
2021,2,2,896
2013,1,30,259
2015,6,16,447
2021,2,27,541
2013,2,3,160
2021,3,1,822
2016,3,16,508
2018,12,29,347
2018,12,30,317
2019,1,15,568
2016,4,4,488
2016,5,11,535
2019,3,14,786
2016,4,13,524
2008,9,14,3
2011,11,19,86
2011,11,26,104
2020,5,16,756
2013,12,22,197
2013,12,30,280
2014,1,6,303
2010,9,12,56
2010,9,29,99
2014,2,16,256
2014,2,17,353
2010,3,15,58
2016,12,14,526
2012,2,19,111
2012,2,21,182
2010,5,14,80
2010,6,5,51
2012,2,26,137
2019,9,8,391
2010,8,6,82
2014,11,2,224
2015,7,18,215
2010,7,23,79
2015,7,19,238
2013,6,6,295
2020,9,23,842
2016,10,15,312
2010,9,22,84
2012,4,9,172
2019,11,7,809
2020,9,14,804
2017,8,29,566
2015,1,12,343
2012,8,17,167
2016,10,31,469
2010,11,28,65
2013,8,15,296
2021,5,14,758
2015,9,8,400
2015,9,9,426
2021,6,5,511
2012,3,27,243
2020,10,31,527
2012,9,17,202
2012,9,18,205
2012,9,19,200
2012,9,25,218
2012,10,8,198
2020,11,3,811
2012,11,14,247
2012,12,7,239
2017,10,13,562
2014,3,15,256
2015,5,26,428
2021,3,15,839
2011,4,12,140
2020,1,9,727
2011,2,23,143
2014,3,31,391
2014,4,15,400
2019,12,30,576
2011,5,3,150
2014,5,4,227
2014,5,14,382
2011,5,27,122
2021,6,30,772
2018,11,1,678
2016,2,10,482
2019,12,5,752
2017,12,1,599
2015,5,1,321
2017,12,3,420
2013,9,5,269
2018,6,12,707
2018,8,20,580
2015,11,24,503
2018,9,10,624
2011,4,22,105
2017,1,17,530
2017,1,18,572
2011,4,29,122
2017,12,20,587
2017,12,21,550
2011,6,11,71
2011,6,13,114
2015,5,20,455
2018,1,30,671
2020,12,13,587
2018,2,6,687
2018,3,3,418
2011,9,20,162
2021,4,4,524
2013,6,16,172
2014,8,10,212
2011,10,19,148
2018,3,29,584
2011,12,26,85
2018,4,22,411
2015,10,9,416
2015,10,10,299
2020,6,17,1038
2018,7,20,612
2017,7,16,342
2018,10,1,585
2015,12,26,196
2016,1,3,261
2014,12,25,170
2020,9,4,699
2015,1,22,403
2012,7,20,186
2012,7,26,216
2015,3,28,247
2017,10,28,427
2021,1,16,591
2021,1,17,622
2021,2,15,725
2018,2,16,580
2018,12,25,296
2019,1,1,282
2016,3,19,304
2016,3,21,490
2016,3,26,306
2019,1,12,343
2019,1,21,651
2016,1,20,498
2019,2,22,689
2018,10,19,582
2021,9,21,734
2021,9,26,482
2021,9,27,735
2021,10,2,430
2019,3,2,455
2021,10,11,766
2016,5,17,467
2019,3,11,700
2021,10,27,824
2018,10,26,585
2021,10,28,748
2016,4,8,478
2019,2,2,408
2019,4,11,751
2011,6,20,147
2020,3,25,845
2014,6,29,173
2018,9,25,695
2014,6,22,199
2018,11,7,682
2016,2,8,432
2019,12,2,713
2014,4,23,426
2017,1,10,516
2019,12,12,730
2017,11,29,646
2019,12,17,712
2020,1,16,753
2015,9,21,381
2018,6,23,304
2018,8,22,697
2018,8,29,672
2015,11,27,397
2018,9,8,344
2021,6,27,513
2015,12,11,427
2018,9,18,611
2017,12,8,575
2015,5,8,391
2014,4,30,351
2011,4,28,127
2014,5,1,301
2017,12,15,489
2017,12,18,563
2011,6,10,116
2015,5,18,385
2013,1,21,229
2020,12,24,581
2011,9,17,73
2013,2,19,262
2017,4,17,536
2013,6,24,290
2011,12,24,73
2012,3,10,113
2018,5,5,394
2015,10,2,378
2018,6,30,315
2018,7,1,319
2021,6,12,495
2015,10,12,482
2015,10,17,304
2018,7,26,701
2015,10,27,435
2018,7,31,712
2012,4,21,133
2016,1,8,427
2020,8,12,852
2021,7,13,800
2012,5,17,191
2018,10,8,600
2020,9,2,828
2012,6,17,113
2020,9,27,552
2015,1,23,329
2017,10,1,353
2015,3,26,460
2017,10,26,618
2015,3,29,265
2015,3,31,422
2017,10,31,624
2017,12,25,279
2021,1,14,847
2018,2,13,675
2015,6,14,251
2021,2,7,635
2019,1,4,567
2019,1,9,654
2019,2,23,424
2021,9,24,685
2016,5,10,507
2019,3,3,486
2021,10,5,690
2016,1,25,452
2021,10,23,473
2021,10,30,410
2019,3,23,452
2016,4,7,539
2019,4,22,572
2008,11,15,5
2008,12,25,4
2008,8,24,2
