{"chunk_definitions":[{"row":9,"row_count":1,"visible":true,"expansion_state":0,"options":{"engine":"r","label":"setup","include":false},"document_id":"CA36B366","chunk_id":"csetup_chunk","chunk_label":"setup"},{"row":27,"row_count":1,"visible":true,"expansion_state":0,"options":{"engine":"r","label":"unnamed-chunk-6"},"document_id":"CA36B366","chunk_id":"csujsfosiywn1","chunk_label":"unnamed-chunk-1"},{"row":34,"row_count":1,"visible":true,"expansion_state":0,"options":{"engine":"r","label":"pressure","echo":false},"document_id":"CA36B366","chunk_id":"cd8qjt79k7qev","chunk_label":"pressure"}],"doc_write_time":72057594306363392,"working_dir":null,"default_chunk_options":{"echo":true}}